sku,nom,uom_achat,unite_base
BOU-PLA-30,Bouchon plastique 30 mm,Dozens,pce
CAB-3G15,"Câble 3G1,5 (m)",Units,pce
CAP-PT100,Capteur PT100,Units,pce
CAR-40X30,Carton 40x30,Units,pce
CAR-60X40,Carton 60x40,Units,pce
COL-200,Collier de serrage 200 mm,Units,pce
CON-RJ45,Connecteur RJ45,Units,pce
ECR-M8,Écrou M8,Dozens,pce
ETQ-A6,Étiquette adhésive A6,Dozens,pce
FIL-ETIR-50,Film étirable 50 cm,Units,pce
FUS-10A,Fusible 10 A,Units,pce
GNT-NIT-L,Gant nitrile L,Dozens,pce
HUI-ISO46,Huile hydraulique ISO 46 (L),Units,pce
JNT-TOR-20,Joint torique 20 mm,Dozens,pce
PAL-120X80,Palette bois 120x80,Units,pce
PIL-AA,Pile AA,Units,pce
REL-24V,Relais 24 V,Units,pce
RON-M8,Rondelle M8,Dozens,pce
ROUL-6204,Roulement 6204,Units,pce
ROUL-6206,Roulement 6206,Units,pce
RUB-ADH-48,Ruban adhésif 48 mm,Units,pce
SAC-30L,Sac plastique 30 L,Units,pce
VIS-M10-ACIER,Vis acier M10,Dozens,pce
VIS-M8-INOX,Vis inox M8,Dozens,pce
