partner_key,nom,identifiant,pays,fiches_odoo
TVA:CHE-123.116.383 TVA,Plastiques Genevois SA,CHE-123.116.383 TVA,CH,1
TVA:CHE-129.777.834 TVA,Papeterie Valserine AG,CHE-129.777.834 TVA,CH,1
TVA:CHE-266.733.225 TVA,Manutention Jura SA,CHE-266.733.225 TVA,CH,1
TVA:CHE-409.129.534 TVA,Papeterie Salève AG,CHE-409.129.534 TVA,CH,1
TVA:CHE-525.493.486 TVA,Chimie Vercors Sàrl,CHE-525.493.486 TVA,CH,1
TVA:CHE-635.462.711 TVA,Plastiques Vercors SA,CHE-635.462.711 TVA,CH,1
TVA:CHE-668.506.361 TVA,Outillage Léman AG,CHE-668.506.361 TVA,CH,1
TVA:CHE-778.324.893 TVA,Électronique Salève Sàrl,CHE-778.324.893 TVA,CH,1
TVA:FR11239212440,Câblage Bornes SARL,FR11239212440,FR,1
TVA:FR11541997588,Conditionnement Valserine SA,FR11541997588,FR,2
TVA:FR12432772643,Emballages Arve SA,FR12432772643,FR,1
TVA:FR17889615695,Papeterie Léman SARL,FR17889615695,FR,1
TVA:FR17915091094,Mécanique Annecy SAS,FR17915091094,FR,2
TVA:FR20511442130,Outillage Annecy SARL,FR20511442130,FR,1
TVA:FR22568208209,Usinage Annecy SARL,FR22568208209,FR,1
TVA:FR25418839064,Chimie Vuache SAS,FR25418839064,FR,1
TVA:FR27272218179,Papeterie Aravis SAS,FR27272218179,FR,1
TVA:FR32382870507,Manutention Bornes SARL,FR32382870507,FR,1
TVA:FR33129189427,Manutention Bauges SAS,FR33129189427,FR,1
TVA:FR35702221890,Mécanique Bauges SARL,FR35702221890,FR,1
TVA:FR37217782500,Manutention Salève SAS,FR37217782500,FR,1
TVA:FR39105267592,Mécanique Arve SA,FR39105267592,FR,1
TVA:FR45731476759,Fonderie Jura SARL,FR45731476759,FR,1
TVA:FR45976336909,Usinage Rhône SAS,FR45976336909,FR,1
TVA:FR46602189461,Chimie Genevois SARL,FR46602189461,FR,1
TVA:FR46846573366,Outillage Salève SA,FR46846573366,FR,1
TVA:FR50273292139,Conditionnement Léman SARL,FR50273292139,FR,1
TVA:FR50752604874,Textiles Bauges SARL,FR50752604874,FR,1
TVA:FR50937257462,Conditionnement Rhône SARL,FR50937257462,FR,1
TVA:FR55703445637,Outillage Faucigny SA,FR55703445637,FR,1
TVA:FR57638225743,Manutention Léman SAS,FR57638225743,FR,1
TVA:FR59392924176,Usinage Bornes SA,FR59392924176,FR,1
TVA:FR59413405252,Manutention Mont-Blanc SARL,FR59413405252,FR,1
TVA:FR63116567828,Câblage Bauges SARL,FR63116567828,FR,1
TVA:FR64825762789,Câblage Chablais SARL,FR64825762789,FR,1
TVA:FR71577367252,Étiquettes Bauges SAS,FR71577367252,FR,1
TVA:FR81242397668,Papeterie Vuache SAS,FR81242397668,FR,1
TVA:FR81718991814,Fonderie Salève SAS,FR81718991814,FR,1
TVA:FR81906644511,Fixations Jura SARL,FR81906644511,FR,1
TVA:FR82416431845,Plastiques Bauges SA,FR82416431845,FR,1
TVA:FR84121764845,Fonderie Genevois SARL,FR84121764845,FR,1
TVA:FR92454809561,Câblage Bornes SA,FR92454809561,FR,1
TVA:FR92669015044,Usinage Salève SA,FR92669015044,FR,1
TVA:FR92776550271,Outillage Rhône SA,FR92776550271,FR,1
TVA:FR93866883911,Fixations Vercors SAS,FR93866883911,FR,1
