ecart_id,regle,libelle_regle,gravite,responsable,cle,po_ref,partner_key,montant_eur,resume,action,premiere_detection,cite_odoo,cite_compta,cite_entrepot
E09f9c50c,partenaire_double,Fournisseur présent deux fois dans Odoo,basse,Données de base,FR11541997588,,TVA:FR11541997588,,"Le numéro de TVA FR11541997588 est porté par 2 fiches Odoo : F0022, F0901",Fusionner les fiches dans Odoo (A). Le rapprochement les traite déjà comme un seul fournisseur.,2026-09-26,1,0,0
E0a826b39,devise_incoherente,Devise de la facture différente de celle de la commande,haute,Comptabilité fournisseurs,P00005,P00005,TVA:FR45976336909,108.97,"Commande P00005 en EUR, facture FA26-0005 en CHF (102.8 pour 102.8 commandés)",Vérifier la devise de la facture d'origine et ressaisir l'écriture avec la bonne devise (B).,2026-09-26,1,1,0
E0c1dbe9f,ecart_quantite,Quantité reçue différente de la quantité commandée,moyenne,Logistique,P00043,P00043,TVA:FR46602189461,56.1,CON-RJ45 sur P00043 : 264 pièces reçues sur 330 commandées (80 %),Livraison partielle : attendre le solde ou solder la ligne dans Odoo (A) ; ne payer que ce qui est reçu.,2026-09-26,1,0,1
E1c5a8938,ecart_montant,Montant facturé différent du montant commandé,moyenne,Achats,P00070,P00070,TVA:FR35702221890,2.35,"Commande P00070 : 33.6 EUR commandés, 31.25 EUR facturés (-7.0 %)",Comparer le prix de la facture (B) au prix de la commande (A) et faire valider l'écart par les achats.,2026-09-26,1,1,0
E1c68c656,unite_incoherente,Quantité reçue dans une autre unité que la quantité commandée,haute,Logistique,P00080,P00080,TVA:FR92454809561,113.24,"JNT-TOR-20 sur P00080 : 11 Dozens commandées (132 pièces), 11 pièces reçues",La réception a été saisie en pièces avec le nombre de douzaines : corriger la quantité dans l'entrepôt (C).,2026-09-26,1,0,1
E1e3d90d9,ecart_quantite,Quantité reçue différente de la quantité commandée,moyenne,Logistique,P00016,P00016,TVA:FR63116567828,147.6,REL-24V sur P00016 : 120 pièces reçues sur 150 commandées (80 %),Livraison partielle : attendre le solde ou solder la ligne dans Odoo (A) ; ne payer que ce qui est reçu.,2026-09-26,1,0,1
E335e09c0,commande_sans_reception,Commande ancienne sans réception,moyenne,Achats,P00041,P00041,TVA:FR93866883911,187.2,"Commande P00041 passée il y a 132 jours, aucune réception dans l'entrepôt","Vérifier avec le fournisseur si la marchandise est arrivée ; si oui, créer la réception dans l'entrepôt (C), sinon relancer ou annuler dans Odoo (A).",2026-09-26,1,0,0
E3cb44141,facture_avant_commande,Facture antérieure à la commande,basse,Achats,P00069,P00069,TVA:FR50752604874,,La facture FA26-0076 est datée 4 jours avant la commande P00069,Régulariser : la commande a été passée après coup (A) ou la date de la facture est fausse (B).,2026-09-26,1,1,0
E428a9c3d,partenaire_ambigu,Compte auxiliaire dont le nom convient à plusieurs fournisseurs,basse,Données de base,F0777,,,,Le compte auxiliaire F0777 (« CABLAGE BORNES ») convient à 2 fournisseurs,"Choisir le bon fournisseur et renommer le compte auxiliaire en comptabilité (B), pour qu'il porte un code connu d'Odoo.",2026-09-26,0,1,0
E4e559065,unite_incoherente,Quantité reçue dans une autre unité que la quantité commandée,haute,Logistique,P00029,P00029,TVA:FR82416431845,19.48,"RON-M8 sur P00029 : 25 Dozens commandées (300 pièces), 25 pièces reçues",La réception a été saisie en pièces avec le nombre de douzaines : corriger la quantité dans l'entrepôt (C).,2026-09-26,1,0,1
E54789bb5,commande_sans_reception,Commande ancienne sans réception,haute,Achats,P00028,P00028,TVA:CHE-129.777.834 TVA,684.97,"Commande P00028 passée il y a 157 jours, aucune réception dans l'entrepôt, et pourtant déjà facturée","Vérifier avec le fournisseur si la marchandise est arrivée ; si oui, créer la réception dans l'entrepôt (C), sinon relancer ou annuler dans Odoo (A).",2026-09-26,1,0,0
E5d952957,facture_mauvais_fournisseur,Facture inscrite sur le compte d'un autre fournisseur,haute,Comptabilité fournisseurs,P00032,P00032,TVA:FR81906644511,875.3,La facture FA26-0032 de la commande P00032 (F0014) est inscrite sur le compte F0001,Ré-affecter l'écriture au bon compte fournisseur (B) avant paiement : le règlement partirait chez le mauvais tiers.,2026-09-26,1,1,0
E621d79d9,facture_avant_commande,Facture antérieure à la commande,basse,Achats,P00067,P00067,TVA:FR37217782500,,La facture FA26-0072 est datée 4 jours avant la commande P00067,Régulariser : la commande a été passée après coup (A) ou la date de la facture est fausse (B).,2026-09-26,1,1,0
E7b85d4aa,partenaire_double,Fournisseur présent deux fois dans Odoo,basse,Données de base,FR17915091094,,TVA:FR17915091094,,"Le numéro de TVA FR17915091094 est porté par 2 fiches Odoo : F0018, F0902",Fusionner les fiches dans Odoo (A). Le rapprochement les traite déjà comme un seul fournisseur.,2026-09-26,1,0,0
E8b89b444,commande_sans_facture,"Marchandise reçue depuis plus de 30 jours, jamais facturée",moyenne,Comptabilité fournisseurs,P00068,P00068,TVA:CHE-123.116.383 TVA,63.66,"Commande P00068 reçue il y a 73 jours, aucune facture en comptabilité","Demander la facture au fournisseur, ou provisionner la charge (B).",2026-09-26,1,0,1
E929ad6d0,facture_en_double,Facture saisie deux fois,haute,Comptabilité fournisseurs,P00063,P00063,TVA:FR81242397668,1204.5,La facture FA26-0063 de la commande P00063 est saisie 2 fois,Contre-passer l'écriture en double dans la comptabilité (B) avant tout règlement.,2026-09-26,0,1,0
E92f048a3,devise_incoherente,Devise de la facture différente de celle de la commande,haute,Comptabilité fournisseurs,P00038,P00038,TVA:CHE-129.777.834 TVA,687.89,"Commande P00038 en CHF, facture FA26-0040 en EUR (687.89 pour 687.89 commandés)",Vérifier la devise de la facture d'origine et ressaisir l'écriture avec la bonne devise (B).,2026-09-26,1,1,0
E9cdad317,reception_sans_commande,Réception qui cite une commande inconnue,moyenne,Logistique,P09999,P09999,TVA:FR92669015044,,"La réception REC-000090 cite la commande P09999, qui n'existe pas dans Odoo",Corriger la référence de commande sur la réception (C) ou créer la commande manquante (A).,2026-09-26,0,0,1
Ea8ff64e4,commande_sans_facture,"Marchandise reçue depuis plus de 30 jours, jamais facturée",moyenne,Comptabilité fournisseurs,P00064,P00064,TVA:FR81906644511,4259.0,"Commande P00064 reçue il y a 81 jours, aucune facture en comptabilité","Demander la facture au fournisseur, ou provisionner la charge (B).",2026-09-26,1,0,1
Ed963fb72,facture_en_double,Facture saisie deux fois,haute,Comptabilité fournisseurs,P00056,P00056,TVA:FR93866883911,2728.1,La facture FA26-0052 de la commande P00056 est saisie 2 fois,Contre-passer l'écriture en double dans la comptabilité (B) avant tout règlement.,2026-09-26,0,1,0
Efe4b7bbb,commande_sans_facture,"Marchandise reçue depuis plus de 30 jours, jamais facturée",moyenne,Comptabilité fournisseurs,P00001,P00001,TVA:FR81718991814,172.2,"Commande P00001 reçue il y a 205 jours, aucune facture en comptabilité","Demander la facture au fournisseur, ou provisionner la charge (B).",2026-09-26,1,0,1
Effb05be2,ecart_montant,Montant facturé différent du montant commandé,moyenne,Achats,P00051,P00051,TVA:FR92454809561,696.45,"Commande P00051 : 6964.49 EUR commandés, 7660.94 EUR facturés (+10.0 %)",Comparer le prix de la facture (B) au prix de la commande (A) et faire valider l'écart par les achats.,2026-09-26,1,1,0
