receipt_ref,po_ref,sku,qty_base
REC-000001,P00001,PIL-AA,420.0
REC-000002,P00002,CAB-3G15,360.0
REC-000002,P00002,COL-200,240.0
REC-000002,P00002,FIL-ETIR-50,120.0
REC-000003,P00003,ETQ-A6,300.0
REC-000004,P00007,JNT-TOR-20,132.0
REC-000005,P00005,COL-200,60.0
REC-000005,P00005,HUI-ISO46,20.0
REC-000005,P00005,SAC-30L,250.0
REC-000006,P00008,PIL-AA,260.0
REC-000006,P00008,RON-M8,108.0
REC-000007,P00009,COL-200,320.0
REC-000007,P00009,RON-M8,432.0
REC-000007,P00009,ROUL-6206,240.0
REC-000008,P00004,ETQ-A6,72.0
REC-000009,P00006,CAP-PT100,400.0
REC-000009,P00006,GNT-NIT-L,168.0
REC-000010,P00012,BOU-PLA-30,384.0
REC-000010,P00012,CAR-40X30,370.0
REC-000010,P00012,ETQ-A6,444.0
REC-000011,P00010,BOU-PLA-30,684.0
REC-000011,P00010,CAR-60X40,310.0
REC-000011,P00010,CON-RJ45,450.0
REC-000012,P00014,GNT-NIT-L,672.0
REC-000013,P00011,CAB-3G15,210.0
REC-000013,P00011,ECR-M8,648.0
REC-000014,P00013,HUI-ISO46,270.0
REC-000014,P00013,PIL-AA,330.0
REC-000015,P00018,CAR-40X30,190.0
REC-000016,P00015,SAC-30L,240.0
REC-000017,P00016,PAL-120X80,110.0
REC-000017,P00016,REL-24V,120.0
REC-000018,P00019,CAP-PT100,190.0
REC-000018,P00019,JNT-TOR-20,540.0
REC-000019,P00020,CAP-PT100,90.0
REC-000019,P00020,JNT-TOR-20,648.0
REC-000020,P00023,CAR-40X30,330.0
REC-000020,P00023,FIL-ETIR-50,450.0
REC-000020,P00023,RON-M8,576.0
REC-000021,P00017,HUI-ISO46,290.0
REC-000021,P00017,PIL-AA,190.0
REC-000021,P00017,REL-24V,100.0
REC-000022,P00024,CAP-PT100,290.0
REC-000022,P00024,CON-RJ45,240.0
REC-000022,P00024,GNT-NIT-L,552.0
REC-000023,P00021,REL-24V,420.0
REC-000023,P00021,RUB-ADH-48,270.0
REC-000024,P00022,CAP-PT100,470.0
REC-000025,P00026,ROUL-6204,370.0
REC-000026,P00027,CAR-40X30,390.0
REC-000027,P00025,PAL-120X80,480.0
REC-000028,P00030,COL-200,370.0
REC-000028,P00030,FUS-10A,70.0
REC-000028,P00030,ROUL-6204,250.0
REC-000029,P00029,HUI-ISO46,30.0
REC-000029,P00029,RON-M8,25.0
REC-000029,P00029,ROUL-6204,150.0
REC-000030,P00031,JNT-TOR-20,408.0
REC-000030,P00031,RON-M8,228.0
REC-000030,P00031,VIS-M8-INOX,312.0
REC-000031,P00032,ETQ-A6,120.0
REC-000031,P00032,HUI-ISO46,210.0
REC-000031,P00032,SAC-30L,380.0
REC-000032,P00036,CAR-40X30,220.0
REC-000032,P00036,CAR-60X40,400.0
REC-000033,P00033,CON-RJ45,370.0
REC-000033,P00033,HUI-ISO46,100.0
REC-000033,P00033,REL-24V,80.0
REC-000034,P00034,FIL-ETIR-50,130.0
REC-000034,P00034,VIS-M10-ACIER,480.0
REC-000035,P00035,CAB-3G15,440.0
REC-000036,P00040,GNT-NIT-L,684.0
REC-000036,P00040,PAL-120X80,390.0
REC-000036,P00040,ROUL-6206,50.0
REC-000037,P00037,CAB-3G15,180.0
REC-000037,P00037,CAR-40X30,40.0
REC-000038,P00039,GNT-NIT-L,264.0
REC-000038,P00039,RUB-ADH-48,250.0
REC-000039,P00038,JNT-TOR-20,420.0
REC-000039,P00038,VIS-M8-INOX,672.0
REC-000040,P00042,CAP-PT100,410.0
REC-000040,P00042,CON-RJ45,210.0
REC-000040,P00042,HUI-ISO46,320.0
REC-000041,P00045,CON-RJ45,420.0
REC-000041,P00045,PAL-120X80,80.0
REC-000042,P00044,ECR-M8,720.0
REC-000042,P00044,ETQ-A6,480.0
REC-000043,P00043,CAR-40X30,440.0
REC-000043,P00043,CON-RJ45,264.0
REC-000043,P00043,FUS-10A,220.0
REC-000044,P00046,VIS-M8-INOX,408.0
REC-000045,P00047,FIL-ETIR-50,340.0
REC-000046,P00048,CON-RJ45,150.0
REC-000047,P00049,CAB-3G15,450.0
REC-000047,P00049,CAP-PT100,220.0
REC-000047,P00049,JNT-TOR-20,696.0
REC-000048,P00053,CAP-PT100,240.0
REC-000048,P00053,SAC-30L,100.0
REC-000049,P00055,HUI-ISO46,110.0
REC-000050,P00052,HUI-ISO46,210.0
REC-000050,P00052,ROUL-6204,130.0
REC-000050,P00052,VIS-M10-ACIER,660.0
REC-000051,P00051,CAP-PT100,480.0
REC-000051,P00051,JNT-TOR-20,156.0
REC-000051,P00051,SAC-30L,110.0
REC-000052,P00050,CAP-PT100,360.0
REC-000052,P00050,FUS-10A,140.0
REC-000052,P00050,PAL-120X80,480.0
REC-000053,P00056,CAB-3G15,210.0
REC-000053,P00056,CAP-PT100,160.0
REC-000053,P00056,FUS-10A,30.0
REC-000054,P00054,ETQ-A6,588.0
REC-000055,P00057,CAP-PT100,310.0
REC-000055,P00057,ECR-M8,576.0
REC-000056,P00058,CAR-40X30,110.0
REC-000057,P00060,CAR-60X40,390.0
REC-000058,P00059,CAB-3G15,20.0
REC-000059,P00061,ETQ-A6,204.0
REC-000059,P00061,VIS-M8-INOX,444.0
REC-000060,P00062,FIL-ETIR-50,120.0
REC-000060,P00062,HUI-ISO46,140.0
REC-000061,P00063,HUI-ISO46,330.0
REC-000062,P00065,CAR-60X40,150.0
REC-000062,P00065,SAC-30L,210.0
REC-000063,P00064,CAP-PT100,290.0
REC-000063,P00064,ETQ-A6,720.0
REC-000064,P00066,CAP-PT100,70.0
REC-000064,P00066,FUS-10A,150.0
REC-000064,P00066,RUB-ADH-48,320.0
REC-000065,P00067,ECR-M8,324.0
REC-000066,P00068,ETQ-A6,216.0
REC-000066,P00068,RON-M8,552.0
REC-000066,P00068,SAC-30L,130.0
REC-000067,P00069,FIL-ETIR-50,30.0
REC-000068,P00070,COL-200,420.0
REC-000069,P00071,CAR-60X40,20.0
REC-000069,P00071,PIL-AA,270.0
REC-000070,P00074,SAC-30L,440.0
REC-000071,P00073,BOU-PLA-30,348.0
REC-000071,P00073,CAR-60X40,400.0
REC-000071,P00073,RUB-ADH-48,420.0
REC-000072,P00075,HUI-ISO46,310.0
REC-000072,P00075,ROUL-6204,70.0
REC-000073,P00072,CAR-60X40,80.0
REC-000073,P00072,ROUL-6204,100.0
REC-000073,P00072,RUB-ADH-48,330.0
REC-000074,P00080,JNT-TOR-20,11.0
REC-000074,P00080,VIS-M8-INOX,360.0
REC-000075,P00079,CAB-3G15,30.0
REC-000075,P00079,FUS-10A,360.0
REC-000076,P00081,CAP-PT100,180.0
REC-000077,P00076,CAP-PT100,350.0
REC-000077,P00076,CON-RJ45,80.0
REC-000078,P00077,ECR-M8,84.0
REC-000078,P00077,VIS-M10-ACIER,504.0
REC-000079,P00078,REL-24V,430.0
REC-000079,P00078,RON-M8,672.0
REC-000079,P00078,RUB-ADH-48,260.0
REC-000080,P00082,PIL-AA,60.0
REC-000081,P00083,CAR-40X30,210.0
REC-000081,P00083,PIL-AA,110.0
REC-000081,P00083,RON-M8,600.0
REC-000082,P00084,CAR-40X30,470.0
REC-000083,P00086,BOU-PLA-30,192.0
REC-000083,P00086,FUS-10A,300.0
REC-000084,P00085,BOU-PLA-30,720.0
REC-000084,P00085,CON-RJ45,280.0
REC-000084,P00085,PAL-120X80,220.0
REC-000085,P00088,CAB-3G15,30.0
REC-000085,P00088,CON-RJ45,330.0
REC-000086,P00089,PIL-AA,350.0
REC-000086,P00089,VIS-M10-ACIER,408.0
REC-000087,P00090,BOU-PLA-30,300.0
REC-000087,P00090,CON-RJ45,190.0
REC-000088,P00092,CAR-60X40,390.0
REC-000088,P00092,REL-24V,150.0
REC-000088,P00092,RON-M8,672.0
REC-000089,P00087,REL-24V,320.0
REC-000090,P09999,PAL-120X80,120.0
REC-000091,P00091,CAR-60X40,350.0
REC-000091,P00091,REL-24V,400.0
REC-000091,P00091,VIS-M8-INOX,720.0
REC-000092,P00095,CON-RJ45,190.0
REC-000093,P00094,BOU-PLA-30,96.0
REC-000093,P00094,VIS-M8-INOX,204.0
REC-000094,P00097,SAC-30L,420.0
REC-000095,P00093,ETQ-A6,672.0
REC-000095,P00093,PAL-120X80,80.0
REC-000095,P00093,RUB-ADH-48,90.0
REC-000096,P00096,ROUL-6204,120.0
REC-000097,P00098,RUB-ADH-48,370.0
REC-000098,P00101,ECR-M8,552.0
REC-000098,P00101,ETQ-A6,108.0
REC-000099,P00100,COL-200,430.0
REC-000099,P00100,GNT-NIT-L,420.0
REC-000099,P00100,VIS-M10-ACIER,552.0
REC-000100,P00099,CAR-60X40,460.0
REC-000101,P00102,VIS-M8-INOX,276.0
REC-000102,P00104,CAP-PT100,420.0
REC-000103,P00103,CAB-3G15,460.0
REC-000103,P00103,ROUL-6204,480.0
REC-000103,P00103,VIS-M10-ACIER,108.0
REC-000104,P00106,ECR-M8,60.0
REC-000104,P00106,PAL-120X80,170.0
REC-000104,P00106,RUB-ADH-48,40.0
REC-000105,P00105,BOU-PLA-30,468.0
REC-000105,P00105,CAB-3G15,240.0
REC-000105,P00105,CAP-PT100,50.0
REC-000106,P00109,CAR-40X30,430.0
REC-000106,P00109,CON-RJ45,190.0
REC-000106,P00109,GNT-NIT-L,360.0
REC-000107,P00107,CAP-PT100,300.0
REC-000107,P00107,ECR-M8,576.0
REC-000108,P00108,ETQ-A6,240.0
REC-000109,P00110,RUB-ADH-48,70.0
