po_ref,odoo_ligne_id,sku,qty_ligne,unite,facteur_base,qty_base,prix_unitaire,montant_devise
P00001,1,PIL-AA,420.0,Units,1.0,420.0,0.41,172.2
P00002,2,COL-200,240.0,Units,1.0,240.0,0.09,21.6
P00002,3,CAB-3G15,360.0,Units,1.0,360.0,1.67,601.2
P00002,4,FIL-ETIR-50,120.0,Units,1.0,120.0,6.88,825.6
P00003,5,ETQ-A6,25.0,Dozens,12.0,300.0,0.63,15.75
P00004,6,ETQ-A6,6.0,Dozens,12.0,72.0,0.6,3.6
P00005,7,HUI-ISO46,20.0,Units,1.0,20.0,3.65,73.0
P00005,8,SAC-30L,250.0,Units,1.0,250.0,0.1,25.0
P00005,9,COL-200,60.0,Units,1.0,60.0,0.08,4.8
P00006,10,GNT-NIT-L,14.0,Dozens,12.0,168.0,6.77,94.78
P00006,11,CAP-PT100,400.0,Units,1.0,400.0,13.54,5416.0
P00007,12,JNT-TOR-20,11.0,Dozens,12.0,132.0,10.3,113.3
P00008,13,RON-M8,9.0,Dozens,12.0,108.0,0.81,7.29
P00008,14,PIL-AA,260.0,Units,1.0,260.0,0.37,96.2
P00009,15,ROUL-6206,240.0,Units,1.0,240.0,5.78,1387.2
P00009,16,COL-200,320.0,Units,1.0,320.0,0.09,28.8
P00009,17,RON-M8,36.0,Dozens,12.0,432.0,0.8,28.8
P00010,18,CON-RJ45,450.0,Units,1.0,450.0,0.84,378.0
P00010,19,BOU-PLA-30,57.0,Dozens,12.0,684.0,1.35,76.95
P00010,20,CAR-60X40,310.0,Units,1.0,310.0,1.22,378.2
P00011,21,ECR-M8,54.0,Dozens,12.0,648.0,2.09,112.86
P00011,22,CAB-3G15,210.0,Units,1.0,210.0,1.69,354.9
P00012,23,BOU-PLA-30,32.0,Dozens,12.0,384.0,1.36,43.52
P00012,24,ETQ-A6,37.0,Dozens,12.0,444.0,0.57,21.09
P00012,25,CAR-40X30,370.0,Units,1.0,370.0,0.8,296.0
P00013,26,PIL-AA,330.0,Units,1.0,330.0,0.4,132.0
P00013,27,HUI-ISO46,270.0,Units,1.0,270.0,4.13,1115.1
P00014,28,GNT-NIT-L,56.0,Dozens,12.0,672.0,6.93,388.08
P00015,29,SAC-30L,240.0,Units,1.0,240.0,0.11,26.4
P00016,30,REL-24V,150.0,Units,1.0,150.0,4.92,738.0
P00016,31,PAL-120X80,110.0,Units,1.0,110.0,8.83,971.3
P00017,32,REL-24V,100.0,Units,1.0,100.0,5.62,562.0
P00017,33,HUI-ISO46,290.0,Units,1.0,290.0,4.14,1200.6
P00017,34,PIL-AA,190.0,Units,1.0,190.0,0.4,76.0
P00018,35,CAR-40X30,190.0,Units,1.0,190.0,0.9,171.0
P00019,36,JNT-TOR-20,45.0,Dozens,12.0,540.0,12.1,544.5
P00019,37,CAP-PT100,190.0,Units,1.0,190.0,15.28,2903.2
P00020,38,JNT-TOR-20,54.0,Dozens,12.0,648.0,11.51,621.54
P00020,39,CAP-PT100,90.0,Units,1.0,90.0,14.54,1308.6
P00021,40,REL-24V,420.0,Units,1.0,420.0,5.18,2175.6
P00021,41,RUB-ADH-48,270.0,Units,1.0,270.0,1.07,288.9
P00022,42,CAP-PT100,470.0,Units,1.0,470.0,14.3,6721.0
P00023,43,FIL-ETIR-50,450.0,Units,1.0,450.0,7.62,3429.0
P00023,44,CAR-40X30,330.0,Units,1.0,330.0,0.9,297.0
P00023,45,RON-M8,48.0,Dozens,12.0,576.0,0.89,42.72
P00024,46,CAP-PT100,290.0,Units,1.0,290.0,12.77,3703.3
P00024,47,CON-RJ45,240.0,Units,1.0,240.0,0.8,192.0
P00024,48,GNT-NIT-L,46.0,Dozens,12.0,552.0,6.38,293.48
P00025,49,PAL-120X80,480.0,Units,1.0,480.0,10.06,4828.8
P00026,50,ROUL-6204,370.0,Units,1.0,370.0,4.94,1827.8
P00027,51,CAR-40X30,390.0,Units,1.0,390.0,0.8,312.0
P00028,52,FIL-ETIR-50,20.0,Units,1.0,20.0,7.27,145.4
P00028,53,CAB-3G15,40.0,Units,1.0,40.0,1.77,70.8
P00028,54,CAR-40X30,500.0,Units,1.0,500.0,0.86,430.0
P00029,55,RON-M8,25.0,Dozens,12.0,300.0,0.85,21.25
P00029,56,HUI-ISO46,30.0,Units,1.0,30.0,3.94,118.2
P00029,57,ROUL-6204,150.0,Units,1.0,150.0,4.85,727.5
P00030,58,ROUL-6204,250.0,Units,1.0,250.0,4.94,1235.0
P00030,59,FUS-10A,70.0,Units,1.0,70.0,0.29,20.3
P00030,60,COL-200,370.0,Units,1.0,370.0,0.09,33.3
P00031,61,VIS-M8-INOX,26.0,Dozens,12.0,312.0,5.14,133.64
P00031,62,RON-M8,19.0,Dozens,12.0,228.0,0.86,16.34
P00031,63,JNT-TOR-20,34.0,Dozens,12.0,408.0,11.62,395.08
P00032,64,HUI-ISO46,210.0,Units,1.0,210.0,3.94,827.4
P00032,65,ETQ-A6,10.0,Dozens,12.0,120.0,0.61,6.1
P00032,66,SAC-30L,380.0,Units,1.0,380.0,0.11,41.8
P00033,67,CON-RJ45,370.0,Units,1.0,370.0,0.92,340.4
P00033,68,HUI-ISO46,100.0,Units,1.0,100.0,3.97,397.0
P00033,69,REL-24V,80.0,Units,1.0,80.0,5.4,432.0
P00034,70,FIL-ETIR-50,130.0,Units,1.0,130.0,7.39,960.7
P00034,71,VIS-M10-ACIER,40.0,Dozens,12.0,480.0,3.82,152.8
P00035,72,CAB-3G15,440.0,Units,1.0,440.0,1.7,748.0
P00036,73,CAR-40X30,220.0,Units,1.0,220.0,0.84,184.8
P00036,74,CAR-60X40,400.0,Units,1.0,400.0,1.28,512.0
P00037,75,CAB-3G15,180.0,Units,1.0,180.0,1.88,338.4
P00037,76,CAR-40X30,40.0,Units,1.0,40.0,0.91,36.4
P00038,77,JNT-TOR-20,35.0,Dozens,12.0,420.0,11.51,402.85
P00038,78,VIS-M8-INOX,56.0,Dozens,12.0,672.0,5.09,285.04
P00039,79,RUB-ADH-48,250.0,Units,1.0,250.0,1.03,257.5
P00039,80,GNT-NIT-L,22.0,Dozens,12.0,264.0,6.77,148.94
P00040,81,PAL-120X80,390.0,Units,1.0,390.0,9.24,3603.6
P00040,82,ROUL-6206,50.0,Units,1.0,50.0,5.94,297.0
P00040,83,GNT-NIT-L,57.0,Dozens,12.0,684.0,7.01,399.57
P00041,84,PIL-AA,480.0,Units,1.0,480.0,0.39,187.2
P00042,85,CON-RJ45,210.0,Units,1.0,210.0,0.91,191.1
P00042,86,HUI-ISO46,320.0,Units,1.0,320.0,3.94,1260.8
P00042,87,CAP-PT100,410.0,Units,1.0,410.0,14.54,5961.4
P00043,88,CON-RJ45,330.0,Units,1.0,330.0,0.85,280.5
P00043,89,FUS-10A,220.0,Units,1.0,220.0,0.27,59.4
P00043,90,CAR-40X30,440.0,Units,1.0,440.0,0.81,356.4
P00044,91,ETQ-A6,40.0,Dozens,12.0,480.0,0.64,25.6
P00044,92,ECR-M8,60.0,Dozens,12.0,720.0,2.29,137.4
P00045,93,CON-RJ45,420.0,Units,1.0,420.0,0.93,390.6
P00045,94,PAL-120X80,80.0,Units,1.0,80.0,9.79,783.2
P00046,95,VIS-M8-INOX,34.0,Dozens,12.0,408.0,4.82,163.88
P00047,96,FIL-ETIR-50,340.0,Units,1.0,340.0,6.74,2291.6
P00048,97,CON-RJ45,150.0,Units,1.0,150.0,0.94,141.0
P00049,98,CAB-3G15,450.0,Units,1.0,450.0,1.71,769.5
P00049,99,JNT-TOR-20,58.0,Dozens,12.0,696.0,11.14,646.12
P00049,100,CAP-PT100,220.0,Units,1.0,220.0,14.07,3095.4
P00050,101,PAL-120X80,480.0,Units,1.0,480.0,8.93,4286.4
P00050,102,CAP-PT100,360.0,Units,1.0,360.0,13.54,4874.4
P00050,103,FUS-10A,140.0,Units,1.0,140.0,0.26,36.4
P00051,104,CAP-PT100,480.0,Units,1.0,480.0,14.18,6806.4
P00051,105,SAC-30L,110.0,Units,1.0,110.0,0.11,12.1
P00051,106,JNT-TOR-20,13.0,Dozens,12.0,156.0,11.23,145.99
P00052,107,VIS-M10-ACIER,55.0,Dozens,12.0,660.0,3.67,201.85
P00052,108,HUI-ISO46,210.0,Units,1.0,210.0,3.85,808.5
P00052,109,ROUL-6204,130.0,Units,1.0,130.0,4.74,616.2
P00053,110,CAP-PT100,240.0,Units,1.0,240.0,15.45,3708.0
P00053,111,SAC-30L,100.0,Units,1.0,100.0,0.12,12.0
P00054,112,ETQ-A6,49.0,Dozens,12.0,588.0,0.62,30.38
P00055,113,HUI-ISO46,110.0,Units,1.0,110.0,3.78,415.8
P00056,114,FUS-10A,30.0,Units,1.0,30.0,0.29,8.7
P00056,115,CAB-3G15,210.0,Units,1.0,210.0,1.78,373.8
P00056,116,CAP-PT100,160.0,Units,1.0,160.0,14.66,2345.6
P00057,117,CAP-PT100,310.0,Units,1.0,310.0,14.01,4343.1
P00057,118,ECR-M8,48.0,Dozens,12.0,576.0,2.1,100.8
P00058,119,CAR-40X30,110.0,Units,1.0,110.0,0.87,95.7
P00059,120,CAB-3G15,20.0,Units,1.0,20.0,1.7,34.0
P00060,121,CAR-60X40,390.0,Units,1.0,390.0,1.26,491.4
P00061,122,VIS-M8-INOX,37.0,Dozens,12.0,444.0,4.77,176.49
P00061,123,ETQ-A6,17.0,Dozens,12.0,204.0,0.57,9.69
P00062,124,HUI-ISO46,140.0,Units,1.0,140.0,3.7,518.0
P00062,125,FIL-ETIR-50,120.0,Units,1.0,120.0,6.83,819.6
P00063,126,HUI-ISO46,330.0,Units,1.0,330.0,3.65,1204.5
P00064,127,ETQ-A6,60.0,Dozens,12.0,720.0,0.61,36.6
P00064,128,CAP-PT100,290.0,Units,1.0,290.0,14.56,4222.4
P00065,129,CAR-60X40,150.0,Units,1.0,150.0,1.24,186.0
P00065,130,SAC-30L,210.0,Units,1.0,210.0,0.11,23.1
P00066,131,RUB-ADH-48,320.0,Units,1.0,320.0,0.98,313.6
P00066,132,CAP-PT100,70.0,Units,1.0,70.0,12.77,893.9
P00066,133,FUS-10A,150.0,Units,1.0,150.0,0.25,37.5
P00067,134,ECR-M8,27.0,Dozens,12.0,324.0,2.2,59.4
P00068,135,SAC-30L,130.0,Units,1.0,130.0,0.1,13.0
P00068,136,ETQ-A6,18.0,Dozens,12.0,216.0,0.57,10.26
P00068,137,RON-M8,46.0,Dozens,12.0,552.0,0.8,36.8
P00069,138,FIL-ETIR-50,30.0,Units,1.0,30.0,6.88,206.4
P00070,139,COL-200,420.0,Units,1.0,420.0,0.08,33.6
P00071,140,PIL-AA,270.0,Units,1.0,270.0,0.37,99.9
P00071,141,CAR-60X40,20.0,Units,1.0,20.0,1.27,25.4
P00072,142,RUB-ADH-48,330.0,Units,1.0,330.0,1.18,389.4
P00072,143,ROUL-6204,100.0,Units,1.0,100.0,5.15,515.0
P00072,144,CAR-60X40,80.0,Units,1.0,80.0,1.39,111.2
P00073,145,BOU-PLA-30,29.0,Dozens,12.0,348.0,1.42,41.18
P00073,146,CAR-60X40,400.0,Units,1.0,400.0,1.28,512.0
P00073,147,RUB-ADH-48,420.0,Units,1.0,420.0,1.08,453.6
P00074,148,SAC-30L,440.0,Units,1.0,440.0,0.11,48.4
P00075,149,ROUL-6204,70.0,Units,1.0,70.0,4.46,312.2
P00075,150,HUI-ISO46,310.0,Units,1.0,310.0,3.62,1122.2
P00076,151,CAP-PT100,350.0,Units,1.0,350.0,14.82,5187.0
P00076,152,CON-RJ45,80.0,Units,1.0,80.0,0.93,74.4
P00077,153,VIS-M10-ACIER,42.0,Dozens,12.0,504.0,3.63,152.46
P00077,154,ECR-M8,7.0,Dozens,12.0,84.0,2.11,14.77
P00078,155,RUB-ADH-48,260.0,Units,1.0,260.0,1.09,283.4
P00078,156,REL-24V,430.0,Units,1.0,430.0,5.27,2266.1
P00078,157,RON-M8,56.0,Dozens,12.0,672.0,0.83,46.48
P00079,158,FUS-10A,360.0,Units,1.0,360.0,0.25,90.0
P00079,159,CAB-3G15,30.0,Units,1.0,30.0,1.55,46.5
P00080,160,JNT-TOR-20,11.0,Dozens,12.0,132.0,11.23,123.53
P00080,161,VIS-M8-INOX,30.0,Dozens,12.0,360.0,4.96,148.8
P00081,162,CAP-PT100,180.0,Units,1.0,180.0,13.65,2457.0
P00082,163,PIL-AA,60.0,Units,1.0,60.0,0.39,23.4
P00083,164,RON-M8,50.0,Dozens,12.0,600.0,0.8,40.0
P00083,165,PIL-AA,110.0,Units,1.0,110.0,0.36,39.6
P00083,166,CAR-40X30,210.0,Units,1.0,210.0,0.81,170.1
P00084,167,CAR-40X30,470.0,Units,1.0,470.0,0.91,427.7
P00085,168,BOU-PLA-30,60.0,Dozens,12.0,720.0,1.48,88.8
P00085,169,PAL-120X80,220.0,Units,1.0,220.0,9.78,2151.6
P00085,170,CON-RJ45,280.0,Units,1.0,280.0,0.93,260.4
P00086,171,BOU-PLA-30,16.0,Dozens,12.0,192.0,1.42,22.72
P00086,172,FUS-10A,300.0,Units,1.0,300.0,0.28,84.0
P00087,173,REL-24V,320.0,Units,1.0,320.0,5.4,1728.0
P00088,174,CAB-3G15,30.0,Units,1.0,30.0,1.69,50.7
P00088,175,CON-RJ45,330.0,Units,1.0,330.0,0.87,287.1
P00089,176,PIL-AA,350.0,Units,1.0,350.0,0.38,133.0
P00089,177,VIS-M10-ACIER,34.0,Dozens,12.0,408.0,3.76,127.84
P00090,178,BOU-PLA-30,25.0,Dozens,12.0,300.0,1.55,38.75
P00090,179,CON-RJ45,190.0,Units,1.0,190.0,0.97,184.3
P00091,180,REL-24V,400.0,Units,1.0,400.0,5.06,2024.0
P00091,181,VIS-M8-INOX,60.0,Dozens,12.0,720.0,4.81,288.6
P00091,182,CAR-60X40,350.0,Units,1.0,350.0,1.24,434.0
P00092,183,RON-M8,56.0,Dozens,12.0,672.0,0.82,45.92
P00092,184,REL-24V,150.0,Units,1.0,150.0,5.17,775.5
P00092,185,CAR-60X40,390.0,Units,1.0,390.0,1.27,495.3
P00093,186,ETQ-A6,56.0,Dozens,12.0,672.0,0.6,33.6
P00093,187,RUB-ADH-48,90.0,Units,1.0,90.0,1.09,98.1
P00093,188,PAL-120X80,80.0,Units,1.0,80.0,9.44,755.2
P00094,189,VIS-M8-INOX,17.0,Dozens,12.0,204.0,5.13,87.21
P00094,190,BOU-PLA-30,8.0,Dozens,12.0,96.0,1.47,11.76
P00095,191,CON-RJ45,190.0,Units,1.0,190.0,0.85,161.5
P00096,192,ROUL-6204,120.0,Units,1.0,120.0,4.51,541.2
P00097,193,SAC-30L,420.0,Units,1.0,420.0,0.11,46.2
P00098,194,RUB-ADH-48,370.0,Units,1.0,370.0,1.02,377.4
P00099,195,CAR-60X40,460.0,Units,1.0,460.0,1.28,588.8
P00100,196,COL-200,430.0,Units,1.0,430.0,0.09,38.7
P00100,197,VIS-M10-ACIER,46.0,Dozens,12.0,552.0,3.83,176.18
P00100,198,GNT-NIT-L,35.0,Dozens,12.0,420.0,7.41,259.35
P00101,199,ECR-M8,46.0,Dozens,12.0,552.0,2.09,96.14
P00101,200,ETQ-A6,9.0,Dozens,12.0,108.0,0.58,5.22
P00102,201,VIS-M8-INOX,23.0,Dozens,12.0,276.0,4.92,113.16
P00103,202,VIS-M10-ACIER,9.0,Dozens,12.0,108.0,3.36,30.24
P00103,203,CAB-3G15,460.0,Units,1.0,460.0,1.58,726.8
P00103,204,ROUL-6204,480.0,Units,1.0,480.0,4.34,2083.2
P00104,205,CAP-PT100,420.0,Units,1.0,420.0,14.5,6090.0
P00105,206,CAP-PT100,50.0,Units,1.0,50.0,15.02,751.0
P00105,207,BOU-PLA-30,39.0,Dozens,12.0,468.0,1.5,58.5
P00105,208,CAB-3G15,240.0,Units,1.0,240.0,1.83,439.2
P00106,209,PAL-120X80,170.0,Units,1.0,170.0,9.6,1632.0
P00106,210,RUB-ADH-48,40.0,Units,1.0,40.0,1.11,44.4
P00106,211,ECR-M8,5.0,Dozens,12.0,60.0,2.18,10.9
P00107,212,CAP-PT100,300.0,Units,1.0,300.0,14.66,4398.0
P00107,213,ECR-M8,48.0,Dozens,12.0,576.0,2.2,105.6
P00108,214,ETQ-A6,20.0,Dozens,12.0,240.0,0.54,10.8
P00109,215,GNT-NIT-L,30.0,Dozens,12.0,360.0,7.03,210.9
P00109,216,CON-RJ45,190.0,Units,1.0,190.0,0.88,167.2
P00109,217,CAR-40X30,430.0,Units,1.0,430.0,0.83,356.9
P00110,218,RUB-ADH-48,70.0,Units,1.0,70.0,1.11,77.7
