receipt_ref,po_ref,recu_le,supplier_code,partner_key
REC-000001,P00001,2026-03-05,SUP00025,TVA:FR81718991814
REC-000002,P00002,2026-03-07,SUP00001,TVA:FR92669015044
REC-000003,P00003,2026-03-16,SUP00034,TVA:FR25418839064
REC-000004,P00007,2026-03-16,SUP00040,TVA:CHE-525.493.486 TVA
REC-000005,P00005,2026-03-18,SUP00008,TVA:FR45976336909
REC-000006,P00008,2026-03-18,SUP00021,TVA:FR50273292139
REC-000007,P00009,2026-03-19,SUP00017,TVA:FR22568208209
REC-000008,P00004,2026-03-20,SUP00035,TVA:FR84121764845
REC-000009,P00006,2026-03-21,SUP00024,TVA:FR12432772643
REC-000010,P00012,2026-03-27,SUP00017,TVA:FR22568208209
REC-000011,P00010,2026-03-31,SUP00008,TVA:FR45976336909
REC-000012,P00014,2026-03-31,SUP00021,TVA:FR50273292139
REC-000013,P00011,2026-04-02,SUP00038,TVA:CHE-635.462.711 TVA
REC-000014,P00013,2026-04-02,SUP00022,TVA:FR11541997588
REC-000015,P00018,2026-04-09,SUP00022,TVA:FR11541997588
REC-000016,P00015,2026-04-10,SUP00030,TVA:FR57638225743
REC-000017,P00016,2026-04-10,SUP00023,TVA:FR63116567828
REC-000018,P00019,2026-04-13,SUP00029,TVA:FR64825762789
REC-000019,P00020,2026-04-13,SUP00015,TVA:FR82416431845
REC-000020,P00023,2026-04-15,SUP00022,TVA:FR11541997588
REC-000021,P00017,2026-04-16,SUP00029,TVA:FR64825762789
REC-000022,P00024,2026-04-19,SUP00041,TVA:CHE-778.324.893 TVA
REC-000023,P00021,2026-04-20,SUP00018,TVA:FR17915091094
REC-000024,P00022,2026-04-21,SUP00026,TVA:FR50937257462
REC-000025,P00026,2026-04-23,SUP00012,TVA:FR55703445637
REC-000026,P00027,2026-04-25,SUP00017,TVA:FR22568208209
REC-000027,P00025,2026-04-26,SUP00022,TVA:FR11541997588
REC-000028,P00030,2026-04-29,SUP00030,TVA:FR57638225743
REC-000029,P00029,2026-04-30,SUP00015,TVA:FR82416431845
REC-000030,P00031,2026-05-03,SUP00013,TVA:FR37217782500
REC-000031,P00032,2026-05-08,SUP00014,TVA:FR81906644511
REC-000032,P00036,2026-05-14,SUP00043,TVA:CHE-668.506.361 TVA
REC-000033,P00033,2026-05-16,SUP00027,TVA:FR93866883911
REC-000034,P00034,2026-05-16,SUP00002,TVA:FR27272218179
REC-000035,P00035,2026-05-17,SUP00045,TVA:FR11239212440
REC-000036,P00040,2026-05-19,SUP00033,TVA:FR46846573366
REC-000037,P00037,2026-05-20,SUP00031,TVA:FR59413405252
REC-000038,P00039,2026-05-22,SUP00024,TVA:FR12432772643
REC-000039,P00038,2026-05-23,SUP00042,TVA:CHE-129.777.834 TVA
REC-000040,P00042,2026-05-24,SUP00042,TVA:CHE-129.777.834 TVA
REC-000041,P00045,2026-05-24,SUP00012,TVA:FR55703445637
REC-000042,P00044,2026-05-27,SUP00022,TVA:FR11541997588
REC-000043,P00043,2026-05-28,SUP00006,TVA:FR46602189461
REC-000044,P00046,2026-05-30,SUP00039,TVA:CHE-409.129.534 TVA
REC-000045,P00047,2026-06-02,SUP00016,TVA:FR81242397668
REC-000046,P00048,2026-06-05,SUP00034,TVA:FR25418839064
REC-000047,P00049,2026-06-07,SUP00018,TVA:FR17915091094
REC-000048,P00053,2026-06-07,SUP00009,TVA:FR39105267592
REC-000049,P00055,2026-06-07,SUP00004,TVA:FR20511442130
REC-000050,P00052,2026-06-08,SUP00043,TVA:CHE-668.506.361 TVA
REC-000051,P00051,2026-06-09,SUP00010,TVA:FR92454809561
REC-000052,P00050,2026-06-10,SUP00024,TVA:FR12432772643
REC-000053,P00056,2026-06-13,SUP00027,TVA:FR93866883911
REC-000054,P00054,2026-06-15,SUP00030,TVA:FR57638225743
REC-000055,P00057,2026-06-17,SUP00033,TVA:FR46846573366
REC-000056,P00058,2026-06-19,SUP00045,TVA:FR11239212440
REC-000057,P00060,2026-06-20,SUP00004,TVA:FR20511442130
REC-000058,P00059,2026-06-21,SUP00033,TVA:FR46846573366
REC-000059,P00061,2026-06-25,SUP00017,TVA:FR22568208209
REC-000060,P00062,2026-06-26,SUP00006,TVA:FR46602189461
REC-000061,P00063,2026-07-05,SUP00016,TVA:FR81242397668
REC-000062,P00065,2026-07-06,SUP00028,TVA:FR50752604874
REC-000063,P00064,2026-07-07,SUP00014,TVA:FR81906644511
REC-000064,P00066,2026-07-08,SUP00041,TVA:CHE-778.324.893 TVA
REC-000065,P00067,2026-07-12,SUP00013,TVA:FR37217782500
REC-000066,P00068,2026-07-15,SUP00044,TVA:CHE-123.116.383 TVA
REC-000067,P00069,2026-07-18,SUP00028,TVA:FR50752604874
REC-000068,P00070,2026-07-19,SUP00036,TVA:FR35702221890
REC-000069,P00071,2026-07-19,SUP00018,TVA:FR17915091094
REC-000070,P00074,2026-07-19,SUP00038,TVA:CHE-635.462.711 TVA
REC-000071,P00073,2026-07-20,SUP00010,TVA:FR92454809561
REC-000072,P00075,2026-07-22,SUP00036,TVA:FR35702221890
REC-000073,P00072,2026-07-23,SUP00045,TVA:FR11239212440
REC-000074,P00080,2026-07-23,SUP00010,TVA:FR92454809561
REC-000075,P00079,2026-07-25,SUP00037,TVA:CHE-266.733.225 TVA
REC-000076,P00081,2026-07-26,SUP00006,TVA:FR46602189461
REC-000077,P00076,2026-07-27,SUP00030,TVA:FR57638225743
REC-000078,P00077,2026-07-28,SUP00018,TVA:FR17915091094
REC-000079,P00078,2026-07-28,SUP00005,TVA:FR32382870507
REC-000080,P00082,2026-07-29,SUP00002,TVA:FR27272218179
REC-000081,P00083,2026-08-05,SUP00039,TVA:CHE-409.129.534 TVA
REC-000082,P00084,2026-08-07,SUP00031,TVA:FR59413405252
REC-000083,P00086,2026-08-08,SUP00003,TVA:FR59392924176
REC-000084,P00085,2026-08-10,SUP00030,TVA:FR57638225743
REC-000085,P00088,2026-08-11,SUP00038,TVA:CHE-635.462.711 TVA
REC-000086,P00089,2026-08-12,SUP00014,TVA:FR81906644511
REC-000087,P00090,2026-08-15,SUP00009,TVA:FR39105267592
REC-000088,P00092,2026-08-15,SUP00011,TVA:FR33129189427
REC-000089,P00087,2026-08-16,SUP00013,TVA:FR37217782500
REC-000090,P09999,2026-08-17,SUP00001,TVA:FR92669015044
REC-000091,P00091,2026-08-20,SUP00028,TVA:FR50752604874
REC-000092,P00095,2026-08-20,SUP00017,TVA:FR22568208209
REC-000093,P00094,2026-08-22,SUP00027,TVA:FR93866883911
REC-000094,P00097,2026-08-22,SUP00003,TVA:FR59392924176
REC-000095,P00093,2026-08-23,SUP00005,TVA:FR32382870507
REC-000096,P00096,2026-08-25,SUP00024,TVA:FR12432772643
REC-000097,P00098,2026-08-30,SUP00036,TVA:FR35702221890
REC-000098,P00101,2026-08-30,SUP00004,TVA:FR20511442130
REC-000099,P00100,2026-08-31,SUP00030,TVA:FR57638225743
REC-000100,P00099,2026-09-01,SUP00043,TVA:CHE-668.506.361 TVA
REC-000101,P00102,2026-09-07,SUP00018,TVA:FR17915091094
REC-000102,P00104,2026-09-07,SUP00035,TVA:FR84121764845
REC-000103,P00103,2026-09-09,SUP00040,TVA:CHE-525.493.486 TVA
REC-000104,P00106,2026-09-09,SUP00015,TVA:FR82416431845
REC-000105,P00105,2026-09-14,SUP00034,TVA:FR25418839064
REC-000106,P00109,2026-09-14,SUP00011,TVA:FR33129189427
REC-000107,P00107,2026-09-15,SUP00027,TVA:FR93866883911
REC-000108,P00108,2026-09-16,SUP00040,TVA:CHE-525.493.486 TVA
REC-000109,P00110,2026-09-21,SUP00042,TVA:CHE-129.777.834 TVA
