po_ref,odoo_id,partner_key,code_odoo,date_commande,devise,total_devise,total_eur,state,nb_ecarts
P00001,1,TVA:FR81718991814,F0025,2026-03-03,EUR,172.2,172.2,purchase,1
P00002,2,TVA:FR92669015044,F0001,2026-03-04,EUR,1448.4,1448.4,purchase,0
P00003,3,TVA:FR25418839064,F0034,2026-03-06,EUR,15.75,15.75,purchase,0
P00004,4,TVA:FR84121764845,F0035,2026-03-11,EUR,3.6,3.6,purchase,0
P00005,5,TVA:FR45976336909,F0008,2026-03-11,EUR,102.8,102.8,purchase,1
P00006,6,TVA:FR12432772643,F0024,2026-03-12,EUR,5510.78,5510.78,purchase,0
P00007,7,TVA:CHE-525.493.486 TVA,F0040,2026-03-13,CHF,113.3,120.1,purchase,0
P00008,8,TVA:FR50273292139,F0021,2026-03-16,EUR,103.49,103.49,purchase,0
P00009,9,TVA:FR22568208209,F0017,2026-03-16,EUR,1444.8,1444.8,purchase,0
P00010,10,TVA:FR45976336909,F0008,2026-03-23,EUR,833.15,833.15,purchase,0
P00011,11,TVA:CHE-635.462.711 TVA,F0038,2026-03-23,CHF,467.76,495.83,purchase,0
P00012,12,TVA:FR22568208209,F0017,2026-03-24,EUR,360.61,360.61,purchase,0
P00013,13,TVA:FR11541997588,F0901,2026-03-27,EUR,1247.1,1247.1,purchase,0
P00014,14,TVA:FR50273292139,F0021,2026-03-28,EUR,388.08,388.08,purchase,0
P00015,15,TVA:FR57638225743,F0030,2026-04-05,EUR,26.4,26.4,purchase,0
P00016,16,TVA:FR63116567828,F0023,2026-04-06,EUR,1709.3,1709.3,purchase,1
P00017,17,TVA:FR64825762789,F0029,2026-04-06,EUR,1838.6,1838.6,purchase,0
P00018,18,TVA:FR11541997588,F0901,2026-04-07,EUR,171.0,171.0,purchase,0
P00019,19,TVA:FR64825762789,F0029,2026-04-09,EUR,3447.7,3447.7,purchase,0
P00020,20,TVA:FR82416431845,F0015,2026-04-10,EUR,1930.14,1930.14,purchase,0
P00021,21,TVA:FR17915091094,F0018,2026-04-11,EUR,2464.5,2464.5,purchase,0
P00022,22,TVA:FR50937257462,F0026,2026-04-11,EUR,6721.0,6721.0,purchase,0
P00023,23,TVA:FR11541997588,F0022,2026-04-12,EUR,3768.72,3768.72,purchase,0
P00024,24,TVA:CHE-778.324.893 TVA,F0041,2026-04-15,CHF,4188.78,4440.11,purchase,0
P00025,25,TVA:FR11541997588,F0022,2026-04-16,EUR,4828.8,4828.8,purchase,0
P00026,26,TVA:FR55703445637,F0012,2026-04-19,EUR,1827.8,1827.8,purchase,0
P00027,27,TVA:FR22568208209,F0017,2026-04-19,EUR,312.0,312.0,purchase,0
P00028,28,TVA:CHE-129.777.834 TVA,F0042,2026-04-22,CHF,646.2,684.97,purchase,1
P00029,29,TVA:FR82416431845,F0015,2026-04-26,EUR,866.95,866.95,purchase,1
P00030,30,TVA:FR57638225743,F0030,2026-04-27,EUR,1288.6,1288.6,purchase,0
P00031,31,TVA:FR37217782500,F0013,2026-04-30,EUR,545.06,545.06,purchase,0
P00032,32,TVA:FR81906644511,F0014,2026-05-03,EUR,875.3,875.3,purchase,1
P00033,33,TVA:FR93866883911,F0027,2026-05-07,EUR,1169.4,1169.4,purchase,0
P00034,34,TVA:FR27272218179,F0002,2026-05-08,EUR,1113.5,1113.5,purchase,0
P00035,35,TVA:FR11239212440,F0045,2026-05-08,EUR,748.0,748.0,purchase,0
P00036,36,TVA:CHE-668.506.361 TVA,F0043,2026-05-08,CHF,696.8,738.61,purchase,0
P00037,37,TVA:FR59413405252,F0031,2026-05-11,EUR,374.8,374.8,purchase,0
P00038,38,TVA:CHE-129.777.834 TVA,F0042,2026-05-14,CHF,687.89,729.16,purchase,1
P00039,39,TVA:FR12432772643,F0024,2026-05-15,EUR,406.44,406.44,purchase,0
P00040,40,TVA:FR46846573366,F0033,2026-05-16,EUR,4300.17,4300.17,purchase,0
P00041,41,TVA:FR93866883911,F0027,2026-05-17,EUR,187.2,187.2,purchase,1
P00042,42,TVA:CHE-129.777.834 TVA,F0042,2026-05-19,CHF,7413.3,7858.1,purchase,0
P00043,43,TVA:FR46602189461,F0006,2026-05-20,EUR,696.3,696.3,purchase,1
P00044,44,TVA:FR11541997588,F0022,2026-05-20,EUR,163.0,163.0,purchase,0
P00045,45,TVA:FR55703445637,F0012,2026-05-21,EUR,1173.8,1173.8,purchase,0
P00046,46,TVA:CHE-409.129.534 TVA,F0039,2026-05-22,CHF,163.88,173.71,purchase,0
P00047,47,TVA:FR81242397668,F0016,2026-05-26,EUR,2291.6,2291.6,purchase,0
P00048,48,TVA:FR25418839064,F0034,2026-05-28,EUR,141.0,141.0,purchase,0
P00049,49,TVA:FR17915091094,F0902,2026-05-28,EUR,4511.02,4511.02,purchase,0
P00050,50,TVA:FR12432772643,F0024,2026-05-31,EUR,9197.2,9197.2,purchase,0
P00051,51,TVA:FR92454809561,F0010,2026-06-01,EUR,6964.49,6964.49,purchase,1
P00052,52,TVA:CHE-668.506.361 TVA,F0043,2026-06-01,CHF,1626.55,1724.14,purchase,0
P00053,53,TVA:FR39105267592,F0009,2026-06-02,EUR,3720.0,3720.0,purchase,0
P00054,54,TVA:FR57638225743,F0030,2026-06-05,EUR,30.38,30.38,purchase,0
P00055,55,TVA:FR20511442130,F0004,2026-06-05,EUR,415.8,415.8,purchase,0
P00056,56,TVA:FR93866883911,F0027,2026-06-07,EUR,2728.1,2728.1,purchase,1
P00057,57,TVA:FR46846573366,F0033,2026-06-09,EUR,4443.9,4443.9,purchase,0
P00058,58,TVA:FR11239212440,F0045,2026-06-10,EUR,95.7,95.7,purchase,0
P00059,59,TVA:FR46846573366,F0033,2026-06-12,EUR,34.0,34.0,purchase,0
P00060,60,TVA:FR20511442130,F0004,2026-06-14,EUR,491.4,491.4,purchase,0
P00061,61,TVA:FR22568208209,F0017,2026-06-15,EUR,186.18,186.18,purchase,0
P00062,62,TVA:FR46602189461,F0006,2026-06-16,EUR,1337.6,1337.6,purchase,0
P00063,63,TVA:FR81242397668,F0016,2026-06-27,EUR,1204.5,1204.5,purchase,1
P00064,64,TVA:FR81906644511,F0014,2026-06-27,EUR,4259.0,4259.0,purchase,1
P00065,65,TVA:FR50752604874,F0028,2026-06-30,EUR,209.1,209.1,purchase,0
P00066,66,TVA:CHE-778.324.893 TVA,F0041,2026-07-01,CHF,1245.0,1319.7,purchase,0
P00067,67,TVA:FR37217782500,F0013,2026-07-04,EUR,59.4,59.4,purchase,1
P00068,68,TVA:CHE-123.116.383 TVA,F0044,2026-07-10,CHF,60.06,63.66,purchase,1
P00069,69,TVA:FR50752604874,F0028,2026-07-10,EUR,206.4,206.4,purchase,1
P00070,70,TVA:FR35702221890,F0036,2026-07-11,EUR,33.6,33.6,purchase,1
P00071,71,TVA:FR17915091094,F0902,2026-07-12,EUR,125.3,125.3,purchase,0
P00072,72,TVA:FR11239212440,F0045,2026-07-13,EUR,1015.6,1015.6,purchase,0
P00073,73,TVA:FR92454809561,F0010,2026-07-13,EUR,1006.78,1006.78,purchase,0
P00074,74,TVA:CHE-635.462.711 TVA,F0038,2026-07-16,CHF,48.4,51.3,purchase,0
P00075,75,TVA:FR35702221890,F0036,2026-07-17,EUR,1434.4,1434.4,purchase,0
P00076,76,TVA:FR57638225743,F0030,2026-07-18,EUR,5261.4,5261.4,purchase,0
P00077,77,TVA:FR17915091094,F0018,2026-07-19,EUR,167.23,167.23,purchase,0
P00078,78,TVA:FR32382870507,F0005,2026-07-20,EUR,2595.98,2595.98,purchase,0
P00079,79,TVA:CHE-266.733.225 TVA,F0037,2026-07-20,CHF,136.5,144.69,purchase,0
P00080,80,TVA:FR92454809561,F0010,2026-07-21,EUR,272.33,272.33,purchase,1
P00081,81,TVA:FR46602189461,F0006,2026-07-23,EUR,2457.0,2457.0,purchase,0
P00082,82,TVA:FR27272218179,F0002,2026-07-26,EUR,23.4,23.4,purchase,0
P00083,83,TVA:CHE-409.129.534 TVA,F0039,2026-07-28,CHF,249.7,264.68,purchase,0
P00084,84,TVA:FR59413405252,F0031,2026-07-29,EUR,427.7,427.7,purchase,0
P00085,85,TVA:FR57638225743,F0030,2026-07-31,EUR,2500.8,2500.8,purchase,0
P00086,86,TVA:FR59392924176,F0003,2026-07-31,EUR,106.72,106.72,purchase,0
P00087,87,TVA:FR37217782500,F0013,2026-08-09,EUR,1728.0,1728.0,purchase,0
P00088,88,TVA:CHE-635.462.711 TVA,F0038,2026-08-09,CHF,337.8,358.07,purchase,0
P00089,89,TVA:FR81906644511,F0014,2026-08-09,EUR,260.84,260.84,purchase,0
P00090,90,TVA:FR39105267592,F0009,2026-08-11,EUR,223.05,223.05,purchase,0
P00091,91,TVA:FR50752604874,F0028,2026-08-12,EUR,2746.6,2746.6,purchase,0
P00092,92,TVA:FR33129189427,F0011,2026-08-12,EUR,1316.72,1316.72,purchase,0
P00093,93,TVA:FR32382870507,F0005,2026-08-13,EUR,886.9,886.9,purchase,0
P00094,94,TVA:FR93866883911,F0027,2026-08-15,EUR,98.97,98.97,purchase,0
P00095,95,TVA:FR22568208209,F0017,2026-08-17,EUR,161.5,161.5,purchase,0
P00096,96,TVA:FR12432772643,F0024,2026-08-18,EUR,541.2,541.2,purchase,0
P00097,97,TVA:FR59392924176,F0003,2026-08-18,EUR,46.2,46.2,purchase,0
P00098,98,TVA:FR35702221890,F0036,2026-08-21,EUR,377.4,377.4,purchase,0
P00099,99,TVA:CHE-668.506.361 TVA,F0043,2026-08-22,CHF,588.8,624.13,purchase,0
P00100,100,TVA:FR57638225743,F0030,2026-08-27,EUR,474.23,474.23,purchase,0
P00101,101,TVA:FR20511442130,F0004,2026-08-28,EUR,101.36,101.36,purchase,0
P00102,102,TVA:FR17915091094,F0018,2026-08-30,EUR,113.16,113.16,purchase,0
P00103,103,TVA:CHE-525.493.486 TVA,F0040,2026-08-31,CHF,2840.24,3010.65,purchase,0
P00104,104,TVA:FR84121764845,F0035,2026-09-05,EUR,6090.0,6090.0,purchase,0
P00105,105,TVA:FR25418839064,F0034,2026-09-05,EUR,1248.7,1248.7,purchase,0
P00106,106,TVA:FR82416431845,F0015,2026-09-06,EUR,1687.3,1687.3,purchase,0
P00107,107,TVA:FR93866883911,F0027,2026-09-07,EUR,4503.6,4503.6,purchase,0
P00108,108,TVA:CHE-525.493.486 TVA,F0040,2026-09-08,CHF,10.8,11.45,purchase,0
P00109,109,TVA:FR33129189427,F0011,2026-09-08,EUR,735.0,735.0,purchase,0
P00110,110,TVA:CHE-129.777.834 TVA,F0042,2026-09-11,CHF,77.7,82.36,purchase,0
