ecriture_num,piece_ref,po_ref,date_facture,aux_num,aux_lib,partner_key_compta,methode_rattachement,devise,ht_devise,ht_eur,ligne_fichier,desequilibre,rang
1,FA26-0001,P00002,2026-03-14,F0001,USINAGE SALEVE,TVA:FR92669015044,code,EUR,1448.4,1448.4,2,0.0,1
2,FA26-0003,P00007,2026-03-23,F0040,CHIMIE VERCORS,TVA:CHE-525.493.486 TVA,code,CHF,113.3,120.1,5,0.0,1
3,FA26-0004,P00003,2026-03-26,F0034,CHIMIE VUACHE,TVA:FR25418839064,code,EUR,15.75,15.75,7,0.0,1
4,FA26-0005,P00005,2026-03-26,F0008,USINAGE RHONE,TVA:FR45976336909,code,CHF,102.8,108.97,10,0.0,1
5,FA26-0006,P00004,2026-03-27,F0035,FONDERIE GENEVOIS,TVA:FR84121764845,code,EUR,3.6,3.6,13,0.0,1
6,FA26-0007,P00012,2026-03-30,F0017,USINAGE ANNECY,TVA:FR22568208209,code,EUR,360.61,360.61,16,0.0,1
7,FA26-0008,P00008,2026-04-02,F0021,CONDITIONNEMENT LEMAN,TVA:FR50273292139,code,EUR,103.49,103.49,19,0.0,1
8,FA26-0009,P00009,2026-04-06,F0017,USINAGE ANNECY,TVA:FR22568208209,code,EUR,1444.8,1444.8,22,0.0,1
9,FA26-0010,P00006,2026-04-10,F0024,EMBALLAGES ARVE,TVA:FR12432772643,code,EUR,5510.78,5510.78,25,0.0,1
10,FA26-0011,P00013,2026-04-12,F0022,CONDITIONNEMENT VALSERINE,TVA:FR11541997588,code,EUR,1247.1,1247.1,28,0.0,1
11,FA26-0012,P00010,2026-04-13,F0008,USINAGE RHONE,TVA:FR45976336909,code,EUR,833.15,833.15,31,0.0,1
12,FA26-0013,P00014,2026-04-15,F0021,CONDITIONNEMENT LEMAN,TVA:FR50273292139,code,EUR,388.08,388.08,34,0.0,1
13,FA26-0014,P00011,2026-04-16,F0038,PLASTIQUES VERCORS,TVA:CHE-635.462.711 TVA,code,CHF,467.76,495.83,37,0.0,1
14,FA26-0015,P00017,2026-04-19,F0029,CABLAGE CHABLAIS,TVA:FR64825762789,code,EUR,1838.6,1838.6,39,0.0,1
15,FA26-0016,P00023,2026-04-20,F0022,CONDITIONNEMENT VALSERINE,TVA:FR11541997588,code,EUR,3768.72,3768.72,42,0.0,1
16,FA26-0017,P00015,2026-04-22,F0030,MANUTENTION LEMAN,TVA:FR57638225743,code,EUR,26.4,26.4,45,0.0,1
17,FA26-0018,P00016,2026-04-22,F0023,CABLAGE BAUGES,TVA:FR63116567828,code,EUR,1709.3,1709.3,48,0.0,1
18,FA26-0019,P00018,2026-04-22,F0022,CONDITIONNEMENT VALSERINE,TVA:FR11541997588,code,EUR,171.0,171.0,51,0.0,1
19,FA26-0020,P00024,2026-04-22,F0041,ELECTRONIQUE SALEVE,TVA:CHE-778.324.893 TVA,code,CHF,4188.78,4440.11,54,0.0,1
20,FA26-0021,P00020,2026-04-23,F0015,PLASTIQUES BAUGES,TVA:FR82416431845,code,EUR,1930.14,1930.14,56,0.0,1
21,FA26-0022,P00021,2026-04-28,F0018,MECANIQUE ANNECY,TVA:FR17915091094,code,EUR,2464.5,2464.5,59,0.0,1
22,FA26-0023,P00027,2026-04-28,F0017,USINAGE ANNECY,TVA:FR22568208209,code,EUR,312.0,312.0,62,0.0,1
23,FA26-0024,P00019,2026-04-30,F0029,CABLAGE CHABLAIS,TVA:FR64825762789,code,EUR,3447.7,3447.7,65,0.0,1
24,FA26-0025,P00025,2026-05-08,F0022,CONDITIONNEMENT VALSERINE,TVA:FR11541997588,code,EUR,4828.8,4828.8,68,0.0,1
25,FA26-0026,P00022,2026-05-09,F0026,CONDITIONNEMENT RHONE,TVA:FR50937257462,code,EUR,6721.0,6721.0,71,0.0,1
26,FA26-0027,P00026,2026-05-09,F0012,OUTILLAGE FAUCIGNY,TVA:FR55703445637,code,EUR,1827.8,1827.8,74,0.0,1
27,FA26-0028,P00031,2026-05-09,F0013,MANUTENTION SALEVE,TVA:FR37217782500,code,EUR,545.06,545.06,77,0.0,1
28,FA26-0029,P00028,2026-05-13,F0042,PAPETERIE VALSERINE,TVA:CHE-129.777.834 TVA,code,CHF,646.2,684.97,80,0.0,1
29,FA26-0030,P00029,2026-05-15,F0015,PLASTIQUES BAUGES,TVA:FR82416431845,code,EUR,866.95,866.95,82,0.0,1
30,FA26-0031,P00030,2026-05-16,F0030,MANUTENTION LEMAN,TVA:FR57638225743,code,EUR,1288.6,1288.6,85,0.0,1
31,FA26-0032,P00032,2026-05-21,F0001,USINAGE SALEVE,TVA:FR92669015044,code,EUR,875.3,875.3,88,0.0,1
32,FA26-0033,P00033,2026-05-21,F0027,FIXATIONS VERCORS,TVA:FR93866883911,code,EUR,1169.4,1169.4,91,0.0,1
33,FA26-0034,P00036,2026-05-25,F0043,OUTILLAGE LEMAN,TVA:CHE-668.506.361 TVA,code,CHF,696.8,738.61,94,0.0,1
34,FA26-0035,P00034,2026-05-27,F0002,PAPETERIE ARAVIS,TVA:FR27272218179,code,EUR,1113.5,1113.5,96,0.0,1
35,FA26-0037,P00039,2026-05-30,F0024,EMBALLAGES ARVE,TVA:FR12432772643,code,EUR,406.44,406.44,99,0.0,1
36,FA26-0038,P00035,2026-06-03,F0777,CABLAGE BORNES,,ambigu,EUR,748.0,748.0,102,0.0,1
37,FA26-0039,P00045,2026-06-03,F0012,OUTILLAGE FAUCIGNY,TVA:FR55703445637,code,EUR,1173.8,1173.8,105,0.0,1
38,FA26-0040,P00038,2026-06-04,F0042,PAPETERIE VALSERINE,TVA:CHE-129.777.834 TVA,code,EUR,687.89,687.89,108,0.0,1
39,FA26-0041,P00044,2026-06-04,F0022,CONDITIONNEMENT VALSERINE,TVA:FR11541997588,code,EUR,163.0,163.0,110,0.0,1
40,FA26-0042,P00037,2026-06-05,F0031,MANUTENTION MONT-BLANC,TVA:FR59413405252,code,EUR,374.8,374.8,113,0.0,1
41,FA26-0043,P00042,2026-06-05,F0042,PAPETERIE VALSERINE,TVA:CHE-129.777.834 TVA,code,CHF,7413.3,7858.1,116,0.0,1
42,FA26-0044,P00046,2026-06-06,F0039,PAPETERIE SALEVE,TVA:CHE-409.129.534 TVA,code,CHF,163.88,173.71,118,0.0,1
43,FA26-0045,P00043,2026-06-07,F0006,CHIMIE GENEVOIS,TVA:FR46602189461,code,EUR,696.3,696.3,120,0.0,1
44,FA26-0046,P00040,2026-06-08,F0033,OUTILLAGE SALEVE,TVA:FR46846573366,code,EUR,4300.17,4300.17,123,0.0,1
45,FA26-0047,P00048,2026-06-14,F0034,CHIMIE VUACHE,TVA:FR25418839064,code,EUR,141.0,141.0,126,0.0,1
46,FA26-0048,P00053,2026-06-15,F0009,MECANIQUE ARVE,TVA:FR39105267592,code,EUR,3720.0,3720.0,129,0.0,1
47,FA26-0049,P00055,2026-06-16,F0004,OUTILLAGE ANNECY,TVA:FR20511442130,code,EUR,415.8,415.8,132,0.0,1
48,FA26-0050,P00049,2026-06-19,F0018,MECANIQUE ANNECY,TVA:FR17915091094,code,EUR,4511.02,4511.02,135,0.0,1
49,FA26-0051,P00051,2026-06-20,F0010,CABLAGE BORNES,TVA:FR92454809561,code,EUR,7660.94,7660.94,138,0.0,1
50,FA26-0052,P00056,2026-06-21,F0027,FIXATIONS VERCORS,TVA:FR93866883911,code,EUR,2728.1,2728.1,141,0.0,1
51,FA26-0053,P00047,2026-06-22,F0016,PAPETERIE VUACHE,TVA:FR81242397668,code,EUR,2291.6,2291.6,144,0.0,1
52,FA26-0052,P00056,2026-06-23,F0027,FIXATIONS VERCORS,TVA:FR93866883911,code,EUR,2728.1,2728.1,147,0.0,2
53,FA26-0054,P00057,2026-06-24,F0033,OUTILLAGE SALEVE,TVA:FR46846573366,code,EUR,4443.9,4443.9,150,0.0,1
54,FA26-0055,P00060,2026-06-24,F0004,OUTILLAGE ANNECY,TVA:FR20511442130,code,EUR,491.4,491.4,153,0.0,1
55,FA26-0056,P00052,2026-06-25,F0043,OUTILLAGE LEMAN,TVA:CHE-668.506.361 TVA,code,CHF,1626.55,1724.14,156,0.0,1
56,FA26-0057,P00059,2026-06-25,F0033,OUTILLAGE SALEVE,TVA:FR46846573366,code,EUR,34.0,34.0,158,0.0,1
57,FA26-0058,P00054,2026-06-27,F0030,MANUTENTION LEMAN,TVA:FR57638225743,code,EUR,30.38,30.38,161,0.0,1
58,FA26-0059,P00050,2026-06-30,F0024,EMBALLAGES ARVE,TVA:FR12432772643,code,EUR,9197.2,9197.2,164,0.0,1
59,FA26-0072,P00067,2026-06-30,F0013,MANUTENTION SALEVE,TVA:FR37217782500,code,EUR,59.4,59.4,167,0.0,1
60,FA26-0060,P00058,2026-07-04,F0045,CABLAGE BORNES,TVA:FR11239212440,code,EUR,95.7,95.7,170,0.0,1
61,FA26-0076,P00069,2026-07-06,F0028,TEXTILES BAUGES,TVA:FR50752604874,code,EUR,206.4,206.4,173,0.0,1
62,FA26-0061,P00061,2026-07-08,F0017,USINAGE ANNECY,TVA:FR22568208209,code,EUR,186.18,186.18,176,0.0,1
63,FA26-0062,P00062,2026-07-08,F0006,CHIMIE GENEVOIS,TVA:FR46602189461,code,EUR,1337.6,1337.6,179,0.0,1
64,FA26-0063,P00063,2026-07-15,F0016,PAPETERIE VUACHE,TVA:FR81242397668,code,EUR,1204.5,1204.5,182,0.0,1
65,FA26-0063,P00063,2026-07-17,F0016,PAPETERIE VUACHE,TVA:FR81242397668,code,EUR,1204.5,1204.5,185,0.0,2
66,FA26-0065,P00066,2026-07-22,F0041,ELECTRONIQUE SALEVE,TVA:CHE-778.324.893 TVA,code,CHF,1245.0,1319.7,188,0.0,1
67,FA26-0066,P00073,2026-07-23,F0010,CABLAGE BORNES,TVA:FR92454809561,code,EUR,1006.78,1006.78,190,0.0,1
68,FA26-0067,P00065,2026-07-25,F0028,TEXTILES BAUGES,TVA:FR50752604874,code,EUR,209.1,209.1,193,0.0,1
69,FA26-0069,P00071,2026-07-29,F0018,MECANIQUE ANNECY,TVA:FR17915091094,code,EUR,125.3,125.3,196,0.0,1
70,FA26-0070,P00074,2026-07-29,F0038,PLASTIQUES VERCORS,TVA:CHE-635.462.711 TVA,code,CHF,48.4,51.3,199,0.0,1
71,FA26-0071,P00075,2026-07-30,F0036,MECANIQUE BAUGES,TVA:FR35702221890,code,EUR,1434.4,1434.4,201,0.0,1
72,FA26-0073,P00081,2026-08-01,F0006,CHIMIE GENEVOIS,TVA:FR46602189461,code,EUR,2457.0,2457.0,204,0.0,1
73,FA26-0074,P00070,2026-08-03,F0036,MECANIQUE BAUGES,TVA:FR35702221890,code,EUR,31.25,31.25,207,0.0,1
74,FA26-0075,P00077,2026-08-05,F0018,MECANIQUE ANNECY,TVA:FR17915091094,code,EUR,167.23,167.23,210,0.0,1
75,FA26-0077,P00072,2026-08-07,F0045,CABLAGE BORNES,TVA:FR11239212440,code,EUR,1015.6,1015.6,213,0.0,1
76,FA26-0078,P00082,2026-08-07,F0002,PAPETERIE ARAVIS,TVA:FR27272218179,code,EUR,23.4,23.4,216,0.0,1
77,FA26-0079,P00079,2026-08-08,F0037,MANUTENTION JURA,TVA:CHE-266.733.225 TVA,code,CHF,136.5,144.69,219,0.0,1
78,FA26-0080,P00076,2026-08-11,F0030,MANUTENTION LEMAN,TVA:FR57638225743,code,EUR,5261.4,5261.4,221,0.0,1
79,FA26-0081,P00083,2026-08-11,F0039,PAPETERIE SALEVE,TVA:CHE-409.129.534 TVA,code,CHF,249.7,264.68,224,0.0,1
80,FA26-0082,P00080,2026-08-12,F0010,CABLAGE BORNES,TVA:FR92454809561,code,EUR,272.33,272.33,226,0.0,1
81,FA26-0083,P00078,2026-08-16,F0005,MANUTENTION BORNES,TVA:FR32382870507,code,EUR,2595.98,2595.98,229,0.0,1
82,FA26-0084,P00085,2026-08-16,F0030,MANUTENTION LEMAN,TVA:FR57638225743,code,EUR,2500.8,2500.8,232,0.0,1
83,FA26-0085,P00088,2026-08-17,F0038,PLASTIQUES VERCORS,TVA:CHE-635.462.711 TVA,code,CHF,337.8,358.07,235,0.0,1
84,FA26-0086,P00086,2026-08-18,F0003,USINAGE BORNES,TVA:FR59392924176,code,EUR,106.72,106.72,237,0.0,1
85,FA26-0087,P00084,2026-08-21,F0031,MANUTENTION MONT-BLANC,TVA:FR59413405252,code,EUR,427.7,427.7,240,0.0,1
86,FA26-0088,P00092,2026-08-24,F0011,MANUTENTION BAUGES,TVA:FR33129189427,code,EUR,1316.72,1316.72,243,0.0,1
87,FA26-0089,P00089,2026-08-25,F0014,FIXATIONS JURA,TVA:FR81906644511,code,EUR,260.84,260.84,246,0.0,1
88,FA26-0090,P00095,2026-08-25,F0017,USINAGE ANNECY,TVA:FR22568208209,code,EUR,161.5,161.5,249,0.0,1
89,FA26-0091,P00091,2026-08-26,F0028,TEXTILES BAUGES,TVA:FR50752604874,code,EUR,2746.6,2746.6,252,0.0,1
90,FA26-0092,P00087,2026-08-28,F0013,MANUTENTION SALEVE,TVA:FR37217782500,code,EUR,1728.0,1728.0,255,0.0,1
91,FA26-0093,P00094,2026-08-30,F0027,FIXATIONS VERCORS,TVA:FR93866883911,code,EUR,98.97,98.97,258,0.0,1
92,FA26-0094,P00090,2026-09-01,F0009,MECANIQUE ARVE,TVA:FR39105267592,code,EUR,223.05,223.05,261,0.0,1
93,FA26-0095,P00096,2026-09-04,F0024,EMBALLAGES ARVE,TVA:FR12432772643,code,EUR,541.2,541.2,264,0.0,1
94,FA26-0096,P00098,2026-09-05,F0036,MECANIQUE BAUGES,TVA:FR35702221890,code,EUR,377.4,377.4,267,0.0,1
95,FA26-0097,P00100,2026-09-05,F0030,MANUTENTION LEMAN,TVA:FR57638225743,code,EUR,474.23,474.23,270,0.0,1
96,FA26-0098,P00097,2026-09-08,F0003,USINAGE BORNES,TVA:FR59392924176,code,EUR,46.2,46.2,273,0.0,1
97,FA26-0099,P00093,2026-09-10,F0005,MANUTENTION BORNES,TVA:FR32382870507,code,EUR,886.9,886.9,276,0.0,1
98,FA26-0100,P00102,2026-09-12,F0018,MECANIQUE ANNECY,TVA:FR17915091094,code,EUR,113.16,113.16,279,0.0,1
99,FA26-0101,P00106,2026-09-13,F0015,PLASTIQUES BAUGES,TVA:FR82416431845,code,EUR,1687.3,1687.3,282,0.0,1
100,FA26-0102,P00101,2026-09-16,F0004,OUTILLAGE ANNECY,TVA:FR20511442130,code,EUR,101.36,101.36,285,0.0,1
101,FA26-0103,P00099,2026-09-17,F0043,OUTILLAGE LEMAN,TVA:CHE-668.506.361 TVA,code,CHF,588.8,624.13,288,0.0,1
102,FA26-0104,P00108,2026-09-21,F0040,CHIMIE VERCORS,TVA:CHE-525.493.486 TVA,code,CHF,10.8,11.45,290,0.0,1
103,FA26-0105,P00107,2026-09-23,F0027,FIXATIONS VERCORS,TVA:FR93866883911,code,EUR,4503.6,4503.6,292,0.0,1
104,FA26-0106,P00104,2026-09-24,F0035,FONDERIE GENEVOIS,TVA:FR84121764845,code,EUR,6090.0,6090.0,295,0.0,1
