systeme,code,nom,partner_key,methode,confiance
A,F0001,Usinage Salève SA,TVA:FR92669015044,tva,1.0
A,F0002,Papeterie Aravis SAS,TVA:FR27272218179,tva,1.0
A,F0003,Usinage Bornes SA,TVA:FR59392924176,tva,1.0
A,F0004,Outillage Annecy SARL,TVA:FR20511442130,tva,1.0
A,F0005,Manutention Bornes SARL,TVA:FR32382870507,tva,1.0
A,F0006,Chimie Genevois SARL,TVA:FR46602189461,tva,1.0
A,F0007,Étiquettes Bauges SAS,TVA:FR71577367252,tva,1.0
A,F0008,Usinage Rhône SAS,TVA:FR45976336909,tva,1.0
A,F0009,Mécanique Arve SA,TVA:FR39105267592,tva,1.0
A,F0010,Câblage Bornes SA,TVA:FR92454809561,tva,1.0
A,F0011,Manutention Bauges SAS,TVA:FR33129189427,tva,1.0
A,F0012,Outillage Faucigny SA,TVA:FR55703445637,tva,1.0
A,F0013,Manutention Salève SAS,TVA:FR37217782500,tva,1.0
A,F0014,Fixations Jura SARL,TVA:FR81906644511,tva,1.0
A,F0015,Plastiques Bauges SA,TVA:FR82416431845,tva,1.0
A,F0016,Papeterie Vuache SAS,TVA:FR81242397668,tva,1.0
A,F0017,Usinage Annecy SARL,TVA:FR22568208209,tva,1.0
A,F0018,Mécanique Annecy SAS,TVA:FR17915091094,tva,1.0
A,F0019,Outillage Rhône SA,TVA:FR92776550271,tva,1.0
A,F0020,Fonderie Jura SARL,TVA:FR45731476759,tva,1.0
A,F0021,Conditionnement Léman SARL,TVA:FR50273292139,tva,1.0
A,F0022,Conditionnement Valserine SA,TVA:FR11541997588,tva,1.0
A,F0023,Câblage Bauges SARL,TVA:FR63116567828,tva,1.0
A,F0024,Emballages Arve SA,TVA:FR12432772643,tva,1.0
A,F0025,Fonderie Salève SAS,TVA:FR81718991814,tva,1.0
A,F0026,Conditionnement Rhône SARL,TVA:FR50937257462,tva,1.0
A,F0027,Fixations Vercors SAS,TVA:FR93866883911,tva,1.0
A,F0028,Textiles Bauges SARL,TVA:FR50752604874,tva,1.0
A,F0029,Câblage Chablais SARL,TVA:FR64825762789,tva,1.0
A,F0030,Manutention Léman SAS,TVA:FR57638225743,tva,1.0
A,F0031,Manutention Mont-Blanc SARL,TVA:FR59413405252,tva,1.0
A,F0032,Papeterie Léman SARL,TVA:FR17889615695,tva,1.0
A,F0033,Outillage Salève SA,TVA:FR46846573366,tva,1.0
A,F0034,Chimie Vuache SAS,TVA:FR25418839064,tva,1.0
A,F0035,Fonderie Genevois SARL,TVA:FR84121764845,tva,1.0
A,F0036,Mécanique Bauges SARL,TVA:FR35702221890,tva,1.0
A,F0037,Manutention Jura SA,TVA:CHE-266.733.225 TVA,tva,1.0
A,F0038,Plastiques Vercors SA,TVA:CHE-635.462.711 TVA,tva,1.0
A,F0039,Papeterie Salève AG,TVA:CHE-409.129.534 TVA,tva,1.0
A,F0040,Chimie Vercors Sàrl,TVA:CHE-525.493.486 TVA,tva,1.0
A,F0041,Électronique Salève Sàrl,TVA:CHE-778.324.893 TVA,tva,1.0
A,F0042,Papeterie Valserine AG,TVA:CHE-129.777.834 TVA,tva,1.0
A,F0043,Outillage Léman AG,TVA:CHE-668.506.361 TVA,tva,1.0
A,F0044,Plastiques Genevois SA,TVA:CHE-123.116.383 TVA,tva,1.0
A,F0045,Câblage Bornes SARL,TVA:FR11239212440,tva,1.0
A,F0901,Conditionnement Valserine S.A.,TVA:FR11541997588,tva,1.0
A,F0902,Mécanique Annecy S.A.S.,TVA:FR17915091094,tva,1.0
B,F0001,USINAGE SALEVE,TVA:FR92669015044,code,1.0
B,F0002,PAPETERIE ARAVIS,TVA:FR27272218179,code,1.0
B,F0003,USINAGE BORNES,TVA:FR59392924176,code,1.0
B,F0004,OUTILLAGE ANNECY,TVA:FR20511442130,code,1.0
B,F0005,MANUTENTION BORNES,TVA:FR32382870507,code,1.0
B,F0006,CHIMIE GENEVOIS,TVA:FR46602189461,code,1.0
B,F0008,USINAGE RHONE,TVA:FR45976336909,code,1.0
B,F0009,MECANIQUE ARVE,TVA:FR39105267592,code,1.0
B,F0010,CABLAGE BORNES,TVA:FR92454809561,code,1.0
B,F0011,MANUTENTION BAUGES,TVA:FR33129189427,code,1.0
B,F0012,OUTILLAGE FAUCIGNY,TVA:FR55703445637,code,1.0
B,F0013,MANUTENTION SALEVE,TVA:FR37217782500,code,1.0
B,F0014,FIXATIONS JURA,TVA:FR81906644511,code,1.0
B,F0015,PLASTIQUES BAUGES,TVA:FR82416431845,code,1.0
B,F0016,PAPETERIE VUACHE,TVA:FR81242397668,code,1.0
B,F0017,USINAGE ANNECY,TVA:FR22568208209,code,1.0
B,F0018,MECANIQUE ANNECY,TVA:FR17915091094,code,1.0
B,F0021,CONDITIONNEMENT LEMAN,TVA:FR50273292139,code,1.0
B,F0022,CONDITIONNEMENT VALSERINE,TVA:FR11541997588,code,1.0
B,F0023,CABLAGE BAUGES,TVA:FR63116567828,code,1.0
B,F0024,EMBALLAGES ARVE,TVA:FR12432772643,code,1.0
B,F0026,CONDITIONNEMENT RHONE,TVA:FR50937257462,code,1.0
B,F0027,FIXATIONS VERCORS,TVA:FR93866883911,code,1.0
B,F0028,TEXTILES BAUGES,TVA:FR50752604874,code,1.0
B,F0029,CABLAGE CHABLAIS,TVA:FR64825762789,code,1.0
B,F0030,MANUTENTION LEMAN,TVA:FR57638225743,code,1.0
B,F0031,MANUTENTION MONT-BLANC,TVA:FR59413405252,code,1.0
B,F0033,OUTILLAGE SALEVE,TVA:FR46846573366,code,1.0
B,F0034,CHIMIE VUACHE,TVA:FR25418839064,code,1.0
B,F0035,FONDERIE GENEVOIS,TVA:FR84121764845,code,1.0
B,F0036,MECANIQUE BAUGES,TVA:FR35702221890,code,1.0
B,F0037,MANUTENTION JURA,TVA:CHE-266.733.225 TVA,code,1.0
B,F0038,PLASTIQUES VERCORS,TVA:CHE-635.462.711 TVA,code,1.0
B,F0039,PAPETERIE SALEVE,TVA:CHE-409.129.534 TVA,code,1.0
B,F0040,CHIMIE VERCORS,TVA:CHE-525.493.486 TVA,code,1.0
B,F0041,ELECTRONIQUE SALEVE,TVA:CHE-778.324.893 TVA,code,1.0
B,F0042,PAPETERIE VALSERINE,TVA:CHE-129.777.834 TVA,code,1.0
B,F0043,OUTILLAGE LEMAN,TVA:CHE-668.506.361 TVA,code,1.0
B,F0045,CABLAGE BORNES,TVA:FR11239212440,code,1.0
B,F0777,CABLAGE BORNES,,ambigu,0.0
C,SUP00001,Usinage Salève S.A.,TVA:FR92669015044,tva,1.0
C,SUP00002,Papeterie Aravis S.A.S.,TVA:FR27272218179,tva,1.0
C,SUP00003,Usinage Bornes S.A.,TVA:FR59392924176,tva,1.0
C,SUP00004,Outillage Annecy S.A.R.L.,TVA:FR20511442130,tva,1.0
C,SUP00005,Manutention Bornes S.A.R.L.,TVA:FR32382870507,tva,1.0
C,SUP00006,Chimie Genevois S.A.R.L.,TVA:FR46602189461,tva,1.0
C,SUP00007,Étiquettes Bauges S.A.S.,TVA:FR71577367252,tva,1.0
C,SUP00008,Usinage Rhône S.A.S.,TVA:FR45976336909,tva,1.0
C,SUP00009,Mécanique Arve S.A.,TVA:FR39105267592,tva,1.0
C,SUP00010,Câblage Bornes S.A.,TVA:FR92454809561,tva,1.0
C,SUP00011,Manutention Bauges S.A.S.,TVA:FR33129189427,tva,1.0
C,SUP00012,Outillage Faucigny S.A.,TVA:FR55703445637,tva,1.0
C,SUP00013,Manutention Salève S.A.S.,TVA:FR37217782500,tva,1.0
C,SUP00014,Fixations Jura S.A.R.L.,TVA:FR81906644511,tva,1.0
C,SUP00015,Plastiques Bauges S.A.,TVA:FR82416431845,tva,1.0
C,SUP00016,Papeterie Vuache S.A.S.,TVA:FR81242397668,tva,1.0
C,SUP00017,Usinage Annecy S.A.R.L.,TVA:FR22568208209,tva,1.0
C,SUP00018,Mécanique Annecy S.A.S.,TVA:FR17915091094,tva,1.0
C,SUP00019,Outillage Rhône S.A.,TVA:FR92776550271,tva,1.0
C,SUP00020,Fonderie Jura S.A.R.L.,TVA:FR45731476759,tva,1.0
C,SUP00021,Conditionnement Léman S.A.R.L.,TVA:FR50273292139,tva,1.0
C,SUP00022,Conditionnement Valserine S.A.,TVA:FR11541997588,tva,1.0
C,SUP00023,Câblage Bauges S.A.R.L.,TVA:FR63116567828,tva,1.0
C,SUP00024,Emballages Arve S.A.,TVA:FR12432772643,tva,1.0
C,SUP00025,Fonderie Salève S.A.S.,TVA:FR81718991814,tva,1.0
C,SUP00026,Conditionnement Rhône S.A.R.L.,TVA:FR50937257462,tva,1.0
C,SUP00027,Fixations Vercors S.A.S.,TVA:FR93866883911,tva,1.0
C,SUP00028,Textiles Bauges S.A.R.L.,TVA:FR50752604874,tva,1.0
C,SUP00029,Câblage Chablais S.A.R.L.,TVA:FR64825762789,tva,1.0
C,SUP00030,Manutention Léman S.A.S.,TVA:FR57638225743,tva,1.0
C,SUP00031,Manutention Mont-Blanc S.A.R.L.,TVA:FR59413405252,tva,1.0
C,SUP00032,Papeterie Léman S.A.R.L.,TVA:FR17889615695,tva,1.0
C,SUP00033,Outillage Salève S.A.,TVA:FR46846573366,tva,1.0
C,SUP00034,Chimie Vuache S.A.S.,TVA:FR25418839064,tva,1.0
C,SUP00035,Fonderie Genevois S.A.R.L.,TVA:FR84121764845,tva,1.0
C,SUP00036,Mécanique Bauges S.A.R.L.,TVA:FR35702221890,tva,1.0
C,SUP00037,Manutention Jura S.A.,TVA:CHE-266.733.225 TVA,tva,1.0
C,SUP00038,Plastiques Vercors S.A.,TVA:CHE-635.462.711 TVA,tva,1.0
C,SUP00039,Papeterie Salève A.G.,TVA:CHE-409.129.534 TVA,tva,1.0
C,SUP00040,Chimie Vercors S.à r.l.,TVA:CHE-525.493.486 TVA,tva,1.0
C,SUP00041,Électronique Salève S.à r.l.,TVA:CHE-778.324.893 TVA,tva,1.0
C,SUP00042,Papeterie Valserine A.G.,TVA:CHE-129.777.834 TVA,tva,1.0
C,SUP00043,Outillage Léman A.G.,TVA:CHE-668.506.361 TVA,tva,1.0
C,SUP00044,Plastiques Genevois S.A.,TVA:CHE-123.116.383 TVA,tva,1.0
C,SUP00045,Câblage Bornes S.A.R.L.,TVA:FR11239212440,tva,1.0
