po_ref,partner_key,date_commande,devise,total_devise,total_eur,premiere_reception,date_facture,facture_ht_devise,facture_devise,recue,facturee
P00001,TVA:FR81718991814,2026-03-03,EUR,172.2,172.2,2026-03-05,,,,1,0
P00002,TVA:FR92669015044,2026-03-04,EUR,1448.4,1448.4,2026-03-07,2026-03-14,1448.4,EUR,1,1
P00003,TVA:FR25418839064,2026-03-06,EUR,15.75,15.75,2026-03-16,2026-03-26,15.75,EUR,1,1
P00004,TVA:FR84121764845,2026-03-11,EUR,3.6,3.6,2026-03-20,2026-03-27,3.6,EUR,1,1
P00005,TVA:FR45976336909,2026-03-11,EUR,102.8,102.8,2026-03-18,2026-03-26,102.8,CHF,1,1
P00006,TVA:FR12432772643,2026-03-12,EUR,5510.78,5510.78,2026-03-21,2026-04-10,5510.78,EUR,1,1
P00007,TVA:CHE-525.493.486 TVA,2026-03-13,CHF,113.3,120.1,2026-03-16,2026-03-23,113.3,CHF,1,1
P00008,TVA:FR50273292139,2026-03-16,EUR,103.49,103.49,2026-03-18,2026-04-02,103.49,EUR,1,1
P00009,TVA:FR22568208209,2026-03-16,EUR,1444.8,1444.8,2026-03-19,2026-04-06,1444.8,EUR,1,1
P00010,TVA:FR45976336909,2026-03-23,EUR,833.15,833.15,2026-03-31,2026-04-13,833.15,EUR,1,1
P00011,TVA:CHE-635.462.711 TVA,2026-03-23,CHF,467.76,495.83,2026-04-02,2026-04-16,467.76,CHF,1,1
P00012,TVA:FR22568208209,2026-03-24,EUR,360.61,360.61,2026-03-27,2026-03-30,360.61,EUR,1,1
P00013,TVA:FR11541997588,2026-03-27,EUR,1247.1,1247.1,2026-04-02,2026-04-12,1247.1,EUR,1,1
P00014,TVA:FR50273292139,2026-03-28,EUR,388.08,388.08,2026-03-31,2026-04-15,388.08,EUR,1,1
P00015,TVA:FR57638225743,2026-04-05,EUR,26.4,26.4,2026-04-10,2026-04-22,26.4,EUR,1,1
P00016,TVA:FR63116567828,2026-04-06,EUR,1709.3,1709.3,2026-04-10,2026-04-22,1709.3,EUR,1,1
P00017,TVA:FR64825762789,2026-04-06,EUR,1838.6,1838.6,2026-04-16,2026-04-19,1838.6,EUR,1,1
P00018,TVA:FR11541997588,2026-04-07,EUR,171.0,171.0,2026-04-09,2026-04-22,171.0,EUR,1,1
P00019,TVA:FR64825762789,2026-04-09,EUR,3447.7,3447.7,2026-04-13,2026-04-30,3447.7,EUR,1,1
P00020,TVA:FR82416431845,2026-04-10,EUR,1930.14,1930.14,2026-04-13,2026-04-23,1930.14,EUR,1,1
P00021,TVA:FR17915091094,2026-04-11,EUR,2464.5,2464.5,2026-04-20,2026-04-28,2464.5,EUR,1,1
P00022,TVA:FR50937257462,2026-04-11,EUR,6721.0,6721.0,2026-04-21,2026-05-09,6721.0,EUR,1,1
P00023,TVA:FR11541997588,2026-04-12,EUR,3768.72,3768.72,2026-04-15,2026-04-20,3768.72,EUR,1,1
P00024,TVA:CHE-778.324.893 TVA,2026-04-15,CHF,4188.78,4440.11,2026-04-19,2026-04-22,4188.78,CHF,1,1
P00025,TVA:FR11541997588,2026-04-16,EUR,4828.8,4828.8,2026-04-26,2026-05-08,4828.8,EUR,1,1
P00026,TVA:FR55703445637,2026-04-19,EUR,1827.8,1827.8,2026-04-23,2026-05-09,1827.8,EUR,1,1
P00027,TVA:FR22568208209,2026-04-19,EUR,312.0,312.0,2026-04-25,2026-04-28,312.0,EUR,1,1
P00028,TVA:CHE-129.777.834 TVA,2026-04-22,CHF,646.2,684.97,,2026-05-13,646.2,CHF,0,1
P00029,TVA:FR82416431845,2026-04-26,EUR,866.95,866.95,2026-04-30,2026-05-15,866.95,EUR,1,1
P00030,TVA:FR57638225743,2026-04-27,EUR,1288.6,1288.6,2026-04-29,2026-05-16,1288.6,EUR,1,1
P00031,TVA:FR37217782500,2026-04-30,EUR,545.06,545.06,2026-05-03,2026-05-09,545.06,EUR,1,1
P00032,TVA:FR81906644511,2026-05-03,EUR,875.3,875.3,2026-05-08,2026-05-21,875.3,EUR,1,1
P00033,TVA:FR93866883911,2026-05-07,EUR,1169.4,1169.4,2026-05-16,2026-05-21,1169.4,EUR,1,1
P00034,TVA:FR27272218179,2026-05-08,EUR,1113.5,1113.5,2026-05-16,2026-05-27,1113.5,EUR,1,1
P00035,TVA:FR11239212440,2026-05-08,EUR,748.0,748.0,2026-05-17,2026-06-03,748.0,EUR,1,1
P00036,TVA:CHE-668.506.361 TVA,2026-05-08,CHF,696.8,738.61,2026-05-14,2026-05-25,696.8,CHF,1,1
P00037,TVA:FR59413405252,2026-05-11,EUR,374.8,374.8,2026-05-20,2026-06-05,374.8,EUR,1,1
P00038,TVA:CHE-129.777.834 TVA,2026-05-14,CHF,687.89,729.16,2026-05-23,2026-06-04,687.89,EUR,1,1
P00039,TVA:FR12432772643,2026-05-15,EUR,406.44,406.44,2026-05-22,2026-05-30,406.44,EUR,1,1
P00040,TVA:FR46846573366,2026-05-16,EUR,4300.17,4300.17,2026-05-19,2026-06-08,4300.17,EUR,1,1
P00041,TVA:FR93866883911,2026-05-17,EUR,187.2,187.2,,,,,0,0
P00042,TVA:CHE-129.777.834 TVA,2026-05-19,CHF,7413.3,7858.1,2026-05-24,2026-06-05,7413.3,CHF,1,1
P00043,TVA:FR46602189461,2026-05-20,EUR,696.3,696.3,2026-05-28,2026-06-07,696.3,EUR,1,1
P00044,TVA:FR11541997588,2026-05-20,EUR,163.0,163.0,2026-05-27,2026-06-04,163.0,EUR,1,1
P00045,TVA:FR55703445637,2026-05-21,EUR,1173.8,1173.8,2026-05-24,2026-06-03,1173.8,EUR,1,1
P00046,TVA:CHE-409.129.534 TVA,2026-05-22,CHF,163.88,173.71,2026-05-30,2026-06-06,163.88,CHF,1,1
P00047,TVA:FR81242397668,2026-05-26,EUR,2291.6,2291.6,2026-06-02,2026-06-22,2291.6,EUR,1,1
P00048,TVA:FR25418839064,2026-05-28,EUR,141.0,141.0,2026-06-05,2026-06-14,141.0,EUR,1,1
P00049,TVA:FR17915091094,2026-05-28,EUR,4511.02,4511.02,2026-06-07,2026-06-19,4511.02,EUR,1,1
P00050,TVA:FR12432772643,2026-05-31,EUR,9197.2,9197.2,2026-06-10,2026-06-30,9197.2,EUR,1,1
P00051,TVA:FR92454809561,2026-06-01,EUR,6964.49,6964.49,2026-06-09,2026-06-20,7660.94,EUR,1,1
P00052,TVA:CHE-668.506.361 TVA,2026-06-01,CHF,1626.55,1724.14,2026-06-08,2026-06-25,1626.55,CHF,1,1
P00053,TVA:FR39105267592,2026-06-02,EUR,3720.0,3720.0,2026-06-07,2026-06-15,3720.0,EUR,1,1
P00054,TVA:FR57638225743,2026-06-05,EUR,30.38,30.38,2026-06-15,2026-06-27,30.38,EUR,1,1
P00055,TVA:FR20511442130,2026-06-05,EUR,415.8,415.8,2026-06-07,2026-06-16,415.8,EUR,1,1
P00056,TVA:FR93866883911,2026-06-07,EUR,2728.1,2728.1,2026-06-13,2026-06-21,2728.1,EUR,1,1
P00057,TVA:FR46846573366,2026-06-09,EUR,4443.9,4443.9,2026-06-17,2026-06-24,4443.9,EUR,1,1
P00058,TVA:FR11239212440,2026-06-10,EUR,95.7,95.7,2026-06-19,2026-07-04,95.7,EUR,1,1
P00059,TVA:FR46846573366,2026-06-12,EUR,34.0,34.0,2026-06-21,2026-06-25,34.0,EUR,1,1
P00060,TVA:FR20511442130,2026-06-14,EUR,491.4,491.4,2026-06-20,2026-06-24,491.4,EUR,1,1
P00061,TVA:FR22568208209,2026-06-15,EUR,186.18,186.18,2026-06-25,2026-07-08,186.18,EUR,1,1
P00062,TVA:FR46602189461,2026-06-16,EUR,1337.6,1337.6,2026-06-26,2026-07-08,1337.6,EUR,1,1
P00063,TVA:FR81242397668,2026-06-27,EUR,1204.5,1204.5,2026-07-05,2026-07-15,1204.5,EUR,1,1
P00064,TVA:FR81906644511,2026-06-27,EUR,4259.0,4259.0,2026-07-07,,,,1,0
P00065,TVA:FR50752604874,2026-06-30,EUR,209.1,209.1,2026-07-06,2026-07-25,209.1,EUR,1,1
P00066,TVA:CHE-778.324.893 TVA,2026-07-01,CHF,1245.0,1319.7,2026-07-08,2026-07-22,1245.0,CHF,1,1
P00067,TVA:FR37217782500,2026-07-04,EUR,59.4,59.4,2026-07-12,2026-06-30,59.4,EUR,1,1
P00068,TVA:CHE-123.116.383 TVA,2026-07-10,CHF,60.06,63.66,2026-07-15,,,,1,0
P00069,TVA:FR50752604874,2026-07-10,EUR,206.4,206.4,2026-07-18,2026-07-06,206.4,EUR,1,1
P00070,TVA:FR35702221890,2026-07-11,EUR,33.6,33.6,2026-07-19,2026-08-03,31.25,EUR,1,1
P00071,TVA:FR17915091094,2026-07-12,EUR,125.3,125.3,2026-07-19,2026-07-29,125.3,EUR,1,1
P00072,TVA:FR11239212440,2026-07-13,EUR,1015.6,1015.6,2026-07-23,2026-08-07,1015.6,EUR,1,1
P00073,TVA:FR92454809561,2026-07-13,EUR,1006.78,1006.78,2026-07-20,2026-07-23,1006.78,EUR,1,1
P00074,TVA:CHE-635.462.711 TVA,2026-07-16,CHF,48.4,51.3,2026-07-19,2026-07-29,48.4,CHF,1,1
P00075,TVA:FR35702221890,2026-07-17,EUR,1434.4,1434.4,2026-07-22,2026-07-30,1434.4,EUR,1,1
P00076,TVA:FR57638225743,2026-07-18,EUR,5261.4,5261.4,2026-07-27,2026-08-11,5261.4,EUR,1,1
P00077,TVA:FR17915091094,2026-07-19,EUR,167.23,167.23,2026-07-28,2026-08-05,167.23,EUR,1,1
P00078,TVA:FR32382870507,2026-07-20,EUR,2595.98,2595.98,2026-07-28,2026-08-16,2595.98,EUR,1,1
P00079,TVA:CHE-266.733.225 TVA,2026-07-20,CHF,136.5,144.69,2026-07-25,2026-08-08,136.5,CHF,1,1
P00080,TVA:FR92454809561,2026-07-21,EUR,272.33,272.33,2026-07-23,2026-08-12,272.33,EUR,1,1
P00081,TVA:FR46602189461,2026-07-23,EUR,2457.0,2457.0,2026-07-26,2026-08-01,2457.0,EUR,1,1
P00082,TVA:FR27272218179,2026-07-26,EUR,23.4,23.4,2026-07-29,2026-08-07,23.4,EUR,1,1
P00083,TVA:CHE-409.129.534 TVA,2026-07-28,CHF,249.7,264.68,2026-08-05,2026-08-11,249.7,CHF,1,1
P00084,TVA:FR59413405252,2026-07-29,EUR,427.7,427.7,2026-08-07,2026-08-21,427.7,EUR,1,1
P00085,TVA:FR57638225743,2026-07-31,EUR,2500.8,2500.8,2026-08-10,2026-08-16,2500.8,EUR,1,1
P00086,TVA:FR59392924176,2026-07-31,EUR,106.72,106.72,2026-08-08,2026-08-18,106.72,EUR,1,1
P00087,TVA:FR37217782500,2026-08-09,EUR,1728.0,1728.0,2026-08-16,2026-08-28,1728.0,EUR,1,1
P00088,TVA:CHE-635.462.711 TVA,2026-08-09,CHF,337.8,358.07,2026-08-11,2026-08-17,337.8,CHF,1,1
P00089,TVA:FR81906644511,2026-08-09,EUR,260.84,260.84,2026-08-12,2026-08-25,260.84,EUR,1,1
P00090,TVA:FR39105267592,2026-08-11,EUR,223.05,223.05,2026-08-15,2026-09-01,223.05,EUR,1,1
P00091,TVA:FR50752604874,2026-08-12,EUR,2746.6,2746.6,2026-08-20,2026-08-26,2746.6,EUR,1,1
P00092,TVA:FR33129189427,2026-08-12,EUR,1316.72,1316.72,2026-08-15,2026-08-24,1316.72,EUR,1,1
P00093,TVA:FR32382870507,2026-08-13,EUR,886.9,886.9,2026-08-23,2026-09-10,886.9,EUR,1,1
P00094,TVA:FR93866883911,2026-08-15,EUR,98.97,98.97,2026-08-22,2026-08-30,98.97,EUR,1,1
P00095,TVA:FR22568208209,2026-08-17,EUR,161.5,161.5,2026-08-20,2026-08-25,161.5,EUR,1,1
P00096,TVA:FR12432772643,2026-08-18,EUR,541.2,541.2,2026-08-25,2026-09-04,541.2,EUR,1,1
P00097,TVA:FR59392924176,2026-08-18,EUR,46.2,46.2,2026-08-22,2026-09-08,46.2,EUR,1,1
P00098,TVA:FR35702221890,2026-08-21,EUR,377.4,377.4,2026-08-30,2026-09-05,377.4,EUR,1,1
P00099,TVA:CHE-668.506.361 TVA,2026-08-22,CHF,588.8,624.13,2026-09-01,2026-09-17,588.8,CHF,1,1
P00100,TVA:FR57638225743,2026-08-27,EUR,474.23,474.23,2026-08-31,2026-09-05,474.23,EUR,1,1
P00101,TVA:FR20511442130,2026-08-28,EUR,101.36,101.36,2026-08-30,2026-09-16,101.36,EUR,1,1
P00102,TVA:FR17915091094,2026-08-30,EUR,113.16,113.16,2026-09-07,2026-09-12,113.16,EUR,1,1
P00103,TVA:CHE-525.493.486 TVA,2026-08-31,CHF,2840.24,3010.65,2026-09-09,,,,1,0
P00104,TVA:FR84121764845,2026-09-05,EUR,6090.0,6090.0,2026-09-07,2026-09-24,6090.0,EUR,1,1
P00105,TVA:FR25418839064,2026-09-05,EUR,1248.7,1248.7,2026-09-14,,,,1,0
P00106,TVA:FR82416431845,2026-09-06,EUR,1687.3,1687.3,2026-09-09,2026-09-13,1687.3,EUR,1,1
P00107,TVA:FR93866883911,2026-09-07,EUR,4503.6,4503.6,2026-09-15,2026-09-23,4503.6,EUR,1,1
P00108,TVA:CHE-525.493.486 TVA,2026-09-08,CHF,10.8,11.45,2026-09-16,2026-09-21,10.8,CHF,1,1
P00109,TVA:FR33129189427,2026-09-08,EUR,735.0,735.0,2026-09-14,,,,1,0
P00110,TVA:CHE-129.777.834 TVA,2026-09-11,CHF,77.7,82.36,2026-09-21,,,,1,0
